customer_id,age,gender,marital_status,education,employment_type,annual_income,loan_amount,loan_term_months,interest_rate,credit_history_years,num_existing_loans,num_credit_cards,avg_monthly_balance,late_payments_last_12m,debt_to_income_ratio,default
CUST100000,56,Male,Married,High School,Self-Employed,1247109,432601,36,12.48,14.6,3,4,48365,3,0.22,1
CUST100001,69,Male,Married,Graduate,Self-Employed,360011,496874,48,20.91,3.1,1,3,67593,5,0.6,1
CUST100002,46,Male,Married,High School,Salaried,1357903,219316,12,18.3,17.1,3,1,164503,3,0.77,1
CUST100003,32,Female,Married,Post-Graduate,Salaried,192684,740785,12,16.3,10.3,5,0,168508,5,0.45,1
CUST100004,60,Male,Married,Graduate,Salaried,1385197,627132,36,9.43,2.1,0,5,149485,7,0.67,1
CUST100005,25,Male,Single,Graduate,Unemployed,1403871,183991,48,22.7,13.9,3,4,38485,3,0.9,1
CUST100006,38,Male,Married,Graduate,Salaried,895723,634985,36,18.04,10.4,0,5,199304,4,0.89,1
CUST100007,56,Female,Married,Diploma,Salaried,1067509,601484,36,11.49,6,5,1,111504,3,0.68,1
CUST100008,36,Female,Single,Diploma,Salaried,1074138,659888,24,17.9,8.5,5,1,16101,6,0.68,1
CUST100009,40,Male,Married,Graduate,Salaried,857651,644913,24,19,6,2,3,8831,0,0.26,0
CUST100010,28,Male,Married,Diploma,Self-Employed,831423,492617,48,16.65,5.3,0,0,51897,5,0.76,1
CUST100011,28,Male,Married,Diploma,Self-Employed,273466,53324,60,19.63,3.3,4,2,5004,0,0.39,1
CUST100012,41,Male,Married,Diploma,Self-Employed,354318,414768,24,17.51,7.3,3,5,45924,6,0.87,1
CUST100013,53,Female,Married,Graduate,Salaried,492778,71272,60,23.19,5,5,1,152581,6,0.12,1
CUST100014,57,Female,Married,Diploma,Self-Employed,251936,449069,12,9.33,13.7,0,4,37170,3,0.42,0
CUST100015,41,Female,Married,High School,Salaried,1077726,269264,24,10.15,13.7,1,5,43555,2,0.52,1
CUST100016,20,Female,Married,Graduate,Self-Employed,767952,708284,24,11.19,10,2,3,145734,2,0.39,1
CUST100017,39,Male,Married,Graduate,Salaried,796315,771747,48,19.2,15.6,1,3,118115,6,0.23,1
CUST100018,19,Male,Married,High School,Salaried,492818,699249,60,18.51,16.8,5,1,104216,2,0.55,1
CUST100019,41,Male,Married,High School,Self-Employed,1272109,256538,24,22.33,11.6,1,1,65930,5,0.69,1
CUST100020,61,Female,Single,High School,Unemployed,988277,598963,24,19.86,12.4,1,1,178475,1,0.6,0
CUST100021,47,Male,Married,Diploma,Salaried,1416573,535447,48,16.38,5.7,2,2,36365,4,0.25,1
CUST100022,55,Female,Married,Diploma,Self-Employed,1238166,93591,48,23.87,17.9,2,1,62188,3,0.67,1
CUST100023,19,Female,Single,Graduate,Salaried,448615,483406,60,12.62,0.5,2,5,98633,1,0.27,1
CUST100024,38,Male,Married,Graduate,Salaried,601530,173706,12,21.41,7,2,5,157745,2,0.2,1
CUST100025,50,Male,Single,Graduate,Salaried,1474018,314507,12,15.12,14.4,1,0,63471,3,0.64,1
CUST100026,29,Male,Single,Diploma,Salaried,1413512,214824,36,18.56,1.6,4,4,148228,1,0.77,1
CUST100027,39,Female,Married,Graduate,Salaried,529925,359148,24,19.77,3.7,4,1,57287,0,0.46,1
CUST100028,61,Male,Single,Diploma,Salaried,1178302,773818,60,18.32,11.8,2,5,132717,2,0.5,1
CUST100029,42,Female,Married,Post-Graduate,Salaried,311896,133627,24,10.68,11.2,3,5,59076,7,0.31,1
CUST100030,66,Male,Married,Graduate,Unemployed,1209118,758276,60,15.37,14.8,0,5,116475,1,0.47,0
CUST100031,44,Female,Married,High School,Salaried,533461,309014,60,17.2,16.3,5,2,50151,7,0.16,1
CUST100032,59,Female,Single,Graduate,Self-Employed,1203329,57394,60,21.66,2.6,3,4,67384,5,0.86,1
CUST100033,45,Male,Single,Diploma,Salaried,986220,99795,24,15.38,0.4,5,3,99865,0,0.73,1
CUST100034,33,Female,Married,Graduate,Self-Employed,403460,362553,48,22.74,13.8,3,5,33541,2,0.62,1
CUST100035,32,Female,Divorced,High School,Salaried,353979,62137,24,15.33,6,3,1,72847,4,0.51,1
CUST100036,64,Male,Married,High School,Salaried,728986,413369,60,17.01,12.5,4,5,50955,6,0.72,1
CUST100037,68,Female,Single,Post-Graduate,Salaried,398104,158925,36,20.84,3,0,4,140362,2,0.47,1
CUST100038,61,Male,Married,High School,Salaried,1199367,556667,12,17.54,9.4,3,3,190014,7,0.3,1
CUST100039,69,Female,Married,Graduate,Salaried,1145270,141169,60,23.38,10.1,2,2,161215,5,0.19,1
CUST100040,20,Male,Married,Diploma,Self-Employed,407360,189439,36,18.74,11.7,5,0,155581,4,0.6,1
CUST100041,54,Male,Single,Graduate,Self-Employed,1495147,169172,48,16.6,10.3,4,1,87780,4,0.84,1
CUST100042,68,Female,Married,Graduate,Self-Employed,717578,670370,60,8.87,9.9,5,0,167813,4,0.18,1
CUST100043,24,Female,Married,Graduate,Self-Employed,691302,395233,36,14.91,6.7,2,2,157970,3,0.2,1
CUST100044,38,Female,Divorced,Diploma,Salaried,255150,555337,60,13.14,1.4,2,4,99919,3,0.42,1
CUST100045,26,Female,Single,High School,Salaried,1115893,414002,24,20.1,1.8,3,4,112854,7,0.74,1
CUST100046,56,Female,Married,High School,Salaried,1219095,483120,36,11.73,8.7,2,2,194020,6,0.3,1
CUST100047,35,Male,Divorced,Diploma,Salaried,693340,706059,24,11.68,7.1,0,5,61768,4,0.27,1
CUST100048,21,Female,Single,Graduate,Salaried,1182965,188112,24,11.44,10.3,2,2,43262,6,0.58,1
CUST100049,42,Male,Divorced,Post-Graduate,Salaried,478105,793815,36,10.45,6.1,3,1,136578,0,0.51,1
CUST100050,31,Male,Married,Post-Graduate,Salaried,1000147,244062,12,13.32,13.8,5,3,20605,4,0.1,1
CUST100051,67,Female,Single,Graduate,Salaried,957165,77986,36,22.23,17.3,2,0,78590,1,0.12,0
CUST100052,26,Male,Single,Graduate,Self-Employed,992318,451978,12,20.51,6,4,0,28231,4,0.6,1
CUST100053,43,Male,Married,Graduate,Self-Employed,1326329,698960,60,19.9,3.9,4,4,79397,7,0.45,1
CUST100054,19,Male,Single,Diploma,Salaried,463150,376918,60,20.86,2.3,4,5,77123,3,0.88,1
CUST100055,37,Male,Married,Post-Graduate,Unemployed,1263489,766137,36,12.68,12.3,5,4,13515,3,0.63,1
CUST100056,45,Female,Single,Graduate,Unemployed,738396,761063,60,22.26,8.9,1,1,87211,1,0.06,0
CUST100057,64,Male,Married,Graduate,Salaried,899091,125315,48,10.63,3.8,4,2,169694,1,0.46,1
CUST100058,24,Female,Single,High School,Salaried,389637,339348,24,13.71,13.1,4,0,16600,2,0.4,1
CUST100059,61,Female,Married,Diploma,Salaried,189639,302229,24,17.59,3,1,1,158964,0,0.14,0
CUST100060,25,Male,Divorced,Diploma,Unemployed,1400028,722214,12,10.1,11.1,5,4,69310,0,0.83,1
CUST100061,64,Female,Divorced,Post-Graduate,Self-Employed,1485103,488013,60,19.82,10.5,4,4,152873,7,0.73,1
CUST100062,52,Female,Married,Graduate,Salaried,429378,759629,12,14.5,14.7,3,0,168767,7,0.25,1
CUST100063,31,Female,Single,Diploma,Salaried,1084795,715139,24,20.66,1.1,5,4,159925,7,0.27,1
CUST100064,34,Male,Married,Post-Graduate,Salaried,606084,731567,24,16.14,17.8,4,5,135501,7,0.08,1
CUST100065,53,Female,Single,High School,Salaried,389515,245687,60,11.3,14.1,4,4,135678,7,0.3,1
CUST100066,67,Female,Single,Diploma,Salaried,352520,316124,48,19.89,4.3,1,3,135550,7,0.55,1
CUST100067,57,Female,Single,High School,Self-Employed,1412035,165213,48,12.41,3.7,3,2,114380,0,0.41,1
CUST100068,21,Male,Married,Graduate,Self-Employed,791986,684704,60,16.11,8.6,5,4,171206,5,0.87,1
CUST100069,19,Female,Married,Post-Graduate,Self-Employed,357330,35896,60,9.67,16.4,2,3,111780,3,0.1,1
CUST100070,23,Male,Married,Diploma,Self-Employed,1274149,109353,12,18.08,16.9,0,1,156547,0,0.55,0
CUST100071,59,Male,Married,Post-Graduate,Self-Employed,1044634,49813,60,18.82,10.4,3,4,66177,7,0.78,1
CUST100072,21,Male,Single,Diploma,Salaried,257900,759791,48,14.37,17.2,2,5,152802,2,0.46,1
CUST100073,46,Male,Divorced,Post-Graduate,Self-Employed,439658,85679,60,23.29,0.1,3,1,152185,2,0.05,1
CUST100074,35,Male,Married,Graduate,Salaried,620364,686041,12,22.05,0.7,2,4,151083,0,0.26,1
CUST100075,43,Male,Married,Graduate,Self-Employed,1404283,748263,12,19.47,18.2,2,0,55746,1,0.33,0
CUST100076,61,Female,Single,High School,Salaried,818419,417798,12,19.56,15.5,3,3,123075,2,0.87,1
CUST100077,51,Male,Married,Post-Graduate,Self-Employed,643116,229755,12,12.41,9,1,3,173925,6,0.83,1
CUST100078,27,Female,Married,Graduate,Salaried,633066,293541,36,18.68,15.1,3,0,85195,1,0.86,1
CUST100079,53,Female,Single,Diploma,Salaried,384179,319155,60,11.57,19.1,3,2,36818,6,0.75,1
CUST100080,31,Male,Single,Graduate,Salaried,1278343,623471,24,10.73,15.4,2,5,168393,3,0.35,1
CUST100081,48,Female,Married,Diploma,Salaried,553961,375398,60,23.99,16.8,0,3,21309,5,0.82,1
CUST100082,65,Female,Married,Post-Graduate,Self-Employed,661529,457480,36,18.15,15.2,2,1,149760,2,0.88,1
CUST100083,32,Female,Single,High School,Self-Employed,697263,586605,12,15.18,3.4,4,5,28176,1,0.35,1
CUST100084,25,Female,Divorced,Graduate,Salaried,274226,198986,36,12.97,16.7,3,3,68879,7,0.27,1
CUST100085,31,Male,Single,Graduate,Salaried,1082454,235705,48,17.86,3.9,5,2,67592,6,0.51,1
CUST100086,40,Female,Married,High School,Salaried,611818,720614,48,9.27,17.9,3,1,84728,0,0.21,0
CUST100087,57,Male,Divorced,High School,Salaried,176396,322240,60,9.97,9.2,1,5,140488,6,0.08,1
CUST100088,38,Female,Married,High School,Salaried,238920,335929,60,9.01,13.5,5,1,171066,6,0.85,1
CUST100089,33,Female,Married,Diploma,Self-Employed,526547,72344,24,16.24,9.9,2,0,197494,3,0.84,1
CUST100090,62,Male,Single,Diploma,Salaried,314999,790348,24,17.81,1.9,1,4,8584,4,0.19,1
CUST100091,35,Female,Single,Graduate,Salaried,183014,495859,48,9.47,5.8,3,0,124555,4,0.4,1
CUST100092,64,Female,Divorced,Diploma,Salaried,714699,743906,12,19.68,19.7,2,5,93302,0,0.76,1
CUST100093,41,Female,Married,Diploma,Salaried,305550,478819,36,12.07,19.2,2,4,122408,3,0.61,1
CUST100094,43,Male,Married,Graduate,Salaried,1355382,179484,24,19.12,6.4,4,0,18830,3,0.39,1
CUST100095,42,Female,Single,High School,Self-Employed,1153994,130489,24,23.72,19.9,4,4,77066,7,0.68,1
CUST100096,62,Male,Single,Post-Graduate,Salaried,458585,464874,12,19.21,16.9,0,3,3591,3,0.81,1
CUST100097,58,Female,Single,Post-Graduate,Salaried,1214697,513057,12,22.19,12.2,4,1,93878,3,0.84,1
CUST100098,46,Male,Married,Graduate,Salaried,1164890,462765,60,23.2,0.8,5,4,125407,4,0.37,1
CUST100099,32,Male,Single,Graduate,Salaried,442341,31549,36,16.04,18,2,3,116869,1,0.2,0
CUST100100,62,Female,Married,Post-Graduate,Salaried,1253153,484432,12,19.39,11.1,4,2,21395,3,0.83,1
CUST100101,18,Female,Married,High School,Unemployed,476778,45739,24,21.71,17.4,0,0,185254,1,0.13,0
CUST100102,42,Male,Divorced,High School,Self-Employed,1417682,651339,24,14.03,16.7,3,2,16738,6,0.66,1
CUST100103,24,Male,Single,High School,Salaried,1155141,35116,48,12.55,16.7,5,5,133703,6,0.17,1
CUST100104,26,Female,Married,Graduate,Salaried,780197,564333,12,23.17,14,4,3,148977,3,0.38,1
CUST100105,41,Male,Married,High School,Salaried,625200,55709,60,19.76,5.8,2,2,19056,2,0.4,1
CUST100106,18,Female,Married,Graduate,Salaried,596379,702265,36,11.91,6.7,3,2,121656,5,0.18,1
CUST100107,61,Female,Married,Post-Graduate,Self-Employed,645754,747963,60,15.46,6.2,2,3,115316,2,0.83,1
CUST100108,25,Female,Married,Post-Graduate,Self-Employed,1156149,249167,24,20.85,0.4,3,1,166519,6,0.05,1
CUST100109,41,Female,Married,Graduate,Salaried,466030,325063,60,16.98,11.7,5,4,54418,5,0.81,1
CUST100110,28,Male,Single,High School,Salaried,448055,506121,24,18.57,14,2,5,37190,2,0.8,1
CUST100111,68,Female,Single,Graduate,Salaried,208422,239222,24,20.18,17.1,4,5,26014,3,0.32,1
CUST100112,34,Male,Divorced,Graduate,Self-Employed,1135691,733806,24,18.14,2.8,4,0,181350,1,0.65,1
CUST100113,25,Female,Married,High School,Self-Employed,455513,727788,24,16.87,10.9,0,4,125563,5,0.26,1
CUST100114,52,Male,Married,High School,Salaried,1461293,549787,24,20.12,0.2,3,0,1780,4,0.69,1
CUST100115,52,Female,Married,Post-Graduate,Salaried,1078378,583329,48,19.78,1.9,0,5,190330,0,0.53,0
CUST100116,50,Male,Single,Graduate,Self-Employed,852722,313459,60,18.26,1.1,1,4,42192,5,0.31,1
CUST100117,22,Male,Single,Graduate,Salaried,1006388,152371,48,14.08,14.5,4,2,190372,5,0.39,1
CUST100118,59,Female,Married,Post-Graduate,Salaried,1320847,402650,48,14.79,1.6,3,1,104875,4,0.64,1
CUST100119,56,Female,Married,Graduate,Salaried,1154104,680354,12,23.54,14.3,5,2,99129,3,0.82,1
CUST100120,58,Female,Single,Graduate,Self-Employed,473548,770774,12,10.24,5,0,1,43923,2,0.16,0
CUST100121,45,Female,Married,Diploma,Salaried,964156,232235,12,12.66,17.6,5,3,89196,2,0.54,1
CUST100122,24,Male,Single,Diploma,Salaried,1336053,373791,36,16.13,16.3,5,0,2395,6,0.27,1
CUST100123,26,Female,Married,Diploma,Self-Employed,1397880,314499,12,21.47,19.2,5,0,102449,1,0.73,1
CUST100124,25,Male,Single,Graduate,Salaried,1146163,355949,60,11.04,17.7,0,3,121747,3,0.11,0
CUST100125,29,Male,Married,Graduate,Salaried,935363,350511,48,12.79,18.7,1,4,146851,4,0.64,1
CUST100126,51,Female,Single,Post-Graduate,Salaried,472621,392050,60,9.52,17.2,0,3,71028,3,0.2,0
CUST100127,50,Male,Married,Diploma,Salaried,592697,399553,12,19.44,13.9,2,5,160794,3,0.56,1
CUST100128,65,Male,Single,Graduate,Self-Employed,851658,136220,36,12.19,3.4,4,3,138183,2,0.76,1
CUST100129,40,Male,Single,Graduate,Salaried,805493,241421,36,14.52,5.4,0,1,141056,4,0.69,1
CUST100130,41,Male,Single,Graduate,Salaried,887976,369317,48,15.38,4.3,0,5,93176,7,0.69,1
CUST100131,54,Female,Married,Graduate,Salaried,598705,795359,60,22.32,12.1,1,3,26924,0,0.49,0
CUST100132,52,Female,Married,High School,Self-Employed,422619,23089,24,14.88,10.1,2,0,183775,5,0.81,1
CUST100133,61,Female,Single,Graduate,Self-Employed,726954,302803,60,10.75,17.3,0,2,32577,2,0.55,0
CUST100134,57,Female,Married,High School,Salaried,478766,327322,12,16.63,19.1,4,1,138783,4,0.83,1
CUST100135,39,Male,Married,Diploma,Salaried,227573,533269,24,23.43,8.1,4,1,85548,1,0.51,1
CUST100136,44,Male,Married,Diploma,Self-Employed,389152,640253,36,17.92,10.1,0,4,125093,5,0.48,1
CUST100137,52,Female,Single,Graduate,Salaried,430435,625556,48,23.74,19.4,5,2,135168,5,0.24,1
CUST100138,18,Female,Married,Post-Graduate,Self-Employed,278477,367186,48,21.54,5.5,5,1,66555,7,0.51,1
CUST100139,52,Female,Single,Graduate,Self-Employed,1416717,388615,36,9.06,15.8,2,3,89848,7,0.17,1
CUST100140,54,Male,Single,Graduate,Self-Employed,418530,221798,12,18.71,4.5,4,1,8254,2,0.79,1
CUST100141,64,Female,Divorced,Graduate,Salaried,1320475,352255,36,12.94,13.6,5,1,125410,6,0.62,1
CUST100142,31,Female,Single,Graduate,Salaried,939472,257103,12,17.17,5.1,4,1,137037,1,0.89,1
CUST100143,20,Female,Married,High School,Self-Employed,460687,789042,24,12.83,17.7,2,4,189059,2,0.13,1
CUST100144,18,Male,Married,Diploma,Salaried,1135197,709925,36,13.91,11.2,2,1,103025,3,0.25,1
CUST100145,22,Male,Married,Diploma,Salaried,679603,109242,12,22.81,3.7,5,1,130509,6,0.8,1
CUST100146,43,Male,Married,Diploma,Self-Employed,1466652,395348,24,11.7,4.5,0,4,32963,4,0.39,0
CUST100147,31,Male,Single,High School,Self-Employed,534380,173956,36,22.05,9.9,3,5,3273,7,0.45,1
CUST100148,56,Male,Single,High School,Salaried,1300594,604326,48,8.97,19.2,1,2,15330,1,0.78,0
CUST100149,44,Male,Married,Diploma,Salaried,921125,602074,36,9.91,15.4,3,5,152566,5,0.49,1
CUST100150,26,Male,Single,Post-Graduate,Salaried,409385,780330,60,21.75,9.8,3,0,76422,2,0.21,1
CUST100151,32,Male,Single,Diploma,Self-Employed,1021626,753375,36,18.27,6.8,4,4,122089,7,0.81,1
CUST100152,32,Female,Single,Diploma,Unemployed,215790,185250,60,20.08,11,2,4,3212,5,0.08,1
CUST100153,43,Female,Single,High School,Salaried,1053044,542820,24,11.75,15,4,1,87594,1,0.81,1
CUST100154,59,Male,Single,Graduate,Salaried,716543,282678,36,16.82,15.7,5,1,132152,7,0.09,1
CUST100155,30,Male,Single,Diploma,Self-Employed,1340851,318254,24,19.93,6.5,1,0,32675,7,0.62,1
CUST100156,68,Female,Married,High School,Salaried,1430015,734114,24,18.22,14.4,5,1,22007,5,0.11,1
CUST100157,49,Male,Married,Graduate,Salaried,1179926,435685,12,15.81,13.2,0,3,113805,2,0.65,0
CUST100158,56,Male,Married,High School,Unemployed,438953,346160,24,23.38,19.2,1,1,82641,6,0.08,1
CUST100159,66,Male,Single,High School,Salaried,221894,66233,24,18.98,18.6,4,1,95815,2,0.77,1
CUST100160,69,Female,Single,High School,Self-Employed,556048,217780,36,22.57,15.8,4,3,46815,0,0.45,1
CUST100161,49,Female,Single,High School,Salaried,399720,471448,36,19.81,14.5,5,0,83482,7,0.13,1
CUST100162,21,Female,Married,High School,Salaried,1251960,768810,48,19.9,5.5,4,3,639,5,0.65,1
CUST100163,47,Female,Married,Diploma,Self-Employed,1168966,126311,12,9.74,16.9,4,4,63593,0,0.47,1
CUST100164,54,Female,Single,Graduate,Salaried,951868,578697,24,14.07,8.6,3,3,78038,6,0.21,1
CUST100165,40,Male,Divorced,Graduate,Unemployed,526245,790519,12,21.8,5.4,0,2,93899,0,0.06,0
CUST100166,56,Female,Single,Graduate,Salaried,142490,421954,60,12.11,7.7,3,4,3736,5,0.41,1
CUST100167,62,Male,Married,Diploma,Salaried,952307,516246,24,10.29,16.7,4,1,16473,1,0.12,1
CUST100168,32,Male,Married,Post-Graduate,Salaried,725108,49709,12,13.55,3,2,4,128771,3,0.13,1
CUST100169,60,Female,Married,Diploma,Salaried,391265,653609,48,11.92,9.1,3,0,125801,6,0.28,1
CUST100170,46,Female,Married,High School,Salaried,121539,20363,48,22.84,9.8,4,0,165091,2,0.59,1
CUST100171,53,Male,Married,Graduate,Salaried,432579,514829,24,21.95,0.7,4,3,107598,4,0.5,1
CUST100172,30,Male,Single,High School,Salaried,635584,416456,60,16.25,3.9,0,4,86623,6,0.11,1
CUST100173,49,Male,Married,Diploma,Salaried,183965,485417,48,9.45,16.5,5,1,36820,0,0.87,1
CUST100174,24,Female,Single,Graduate,Self-Employed,1266375,65689,48,19.58,16.6,1,0,57589,1,0.8,0
CUST100175,68,Female,Married,Post-Graduate,Self-Employed,1262524,284080,60,18.16,5.8,3,5,196879,5,0.27,1
CUST100176,39,Female,Married,Diploma,Self-Employed,1311890,635362,12,23.54,17.5,3,1,18414,1,0.15,0
CUST100177,45,Female,Married,Graduate,Salaried,368099,195037,48,17.16,15.4,3,5,127378,1,0.85,1
CUST100178,19,Female,Married,Post-Graduate,Salaried,1150065,228606,36,13.71,8.4,4,2,24220,5,0.44,1
CUST100179,59,Male,Married,High School,Self-Employed,915379,20882,48,16.54,15,0,5,60531,4,0.31,1
CUST100180,62,Female,Married,Diploma,Salaried,887610,433440,12,23.68,19.2,4,0,110002,5,0.47,1
CUST100181,23,Male,Married,Diploma,Salaried,846826,799110,12,19.29,9.2,4,3,173497,4,0.71,1
CUST100182,45,Male,Single,Diploma,Self-Employed,1424397,145865,24,18.92,4.8,5,2,9387,5,0.19,1
CUST100183,45,Male,Single,Diploma,Self-Employed,1479505,668033,36,12.23,18.8,2,4,76815,0,0.7,0
CUST100184,61,Female,Single,Post-Graduate,Salaried,1026395,444041,12,20.03,12.1,0,1,27584,4,0.69,1
CUST100185,61,Female,Single,Graduate,Salaried,1180194,483956,60,20.13,2.1,3,0,44783,0,0.51,1
CUST100186,37,Female,Married,Graduate,Self-Employed,456430,48885,36,13.42,11.5,1,2,170881,6,0.79,1
CUST100187,47,Male,Single,Diploma,Salaried,1446842,715416,36,16,10,3,2,185399,4,0.16,1
CUST100188,28,Male,Divorced,Graduate,Self-Employed,782714,416419,60,13.07,17.1,4,0,124494,4,0.56,1
CUST100189,45,Male,Single,Post-Graduate,Self-Employed,730724,735601,48,12.51,10.6,0,4,115814,5,0.43,1
CUST100190,42,Male,Single,Graduate,Self-Employed,330448,415460,60,8.9,5.1,0,4,130752,4,0.41,1
CUST100191,56,Male,Married,High School,Salaried,1090278,380466,60,12.92,13.5,0,3,141929,0,0.26,0
CUST100192,50,Male,Married,Graduate,Salaried,615919,350763,48,17.09,10.9,2,5,173333,7,0.37,1
CUST100193,18,Female,Married,High School,Self-Employed,1304685,41584,48,8.52,4.7,3,4,73588,6,0.14,1
CUST100194,44,Female,Married,Diploma,Self-Employed,1197209,725377,48,12.89,11.5,2,3,148067,7,0.26,1
CUST100195,69,Female,Married,High School,Self-Employed,930927,573351,48,22.16,16.4,5,5,13580,5,0.28,1
CUST100196,30,Female,Single,Graduate,Salaried,970982,90268,48,17.7,0.6,1,2,18240,2,0.66,1
CUST100197,58,Male,Divorced,Graduate,Salaried,332456,670506,60,17.92,12.6,5,0,83446,6,0.09,1
CUST100198,20,Male,Divorced,High School,Self-Employed,1467203,400350,24,14.75,7,4,4,104533,7,0.6,1
CUST100199,56,Female,Married,Diploma,Self-Employed,495325,478168,24,18.99,5.9,2,3,177183,6,0.24,1
CUST100200,23,Male,Single,Diploma,Unemployed,586589,768414,12,11.44,7.9,2,2,165938,7,0.12,1
CUST100201,25,Female,Married,Diploma,Self-Employed,416213,190635,24,21.19,6.8,5,4,80974,0,0.31,1
CUST100202,44,Female,Single,High School,Salaried,1307018,190824,24,10.31,16.6,4,1,73401,7,0.24,1
CUST100203,26,Female,Single,Diploma,Self-Employed,1023275,770593,60,18.67,5.5,0,2,143283,6,0.52,1
CUST100204,54,Male,Single,Graduate,Self-Employed,1240523,415783,48,13.79,14.7,4,4,190057,2,0.35,1
CUST100205,50,Female,Married,High School,Salaried,290205,429337,48,20.09,1.9,3,2,164340,1,0.87,1
CUST100206,68,Female,Married,High School,Self-Employed,1264337,620699,60,17.02,19,5,0,3646,5,0.87,1
CUST100207,59,Female,Married,Diploma,Salaried,1038196,129876,24,15.51,12.4,4,0,186443,1,0.43,1
CUST100208,61,Male,Married,Post-Graduate,Salaried,1273276,218153,60,11.13,14.1,0,0,42816,5,0.73,1
CUST100209,41,Male,Married,Graduate,Self-Employed,693881,704500,12,18.37,6,4,5,89460,6,0.06,1
CUST100210,32,Female,Single,Graduate,Salaried,1138454,684687,48,23.61,8.2,2,1,44112,5,0.52,1
CUST100211,49,Male,Single,Diploma,Salaried,125209,43331,36,21.3,4.5,1,0,51048,7,0.68,1
CUST100212,49,Male,Divorced,Graduate,Salaried,519749,43004,12,9.43,18.7,2,1,185983,0,0.23,0
CUST100213,41,Male,Single,High School,Salaried,1437931,258441,12,14.33,9.8,1,0,132850,2,0.1,0
CUST100214,58,Male,Married,Graduate,Salaried,1178503,423708,60,22.85,12.6,4,5,45752,5,0.18,1
CUST100215,69,Male,Married,Post-Graduate,Salaried,761621,468013,24,16.3,14.7,3,2,70726,2,0.43,1
CUST100216,66,Male,Married,Graduate,Unemployed,1324242,209167,48,18.76,7.4,4,4,158361,5,0.48,1
CUST100217,66,Male,Married,Post-Graduate,Salaried,850212,633332,36,22.65,14.4,0,4,44788,2,0.37,0
CUST100218,69,Male,Married,Graduate,Salaried,1377361,302260,12,22.04,13.5,4,0,4747,1,0.42,1
CUST100219,29,Male,Married,High School,Salaried,458526,562955,36,16.28,14.1,1,4,45,0,0.45,0
CUST100220,56,Male,Divorced,Post-Graduate,Self-Employed,259005,357201,24,15.28,9.8,2,0,7758,5,0.7,1
CUST100221,19,Female,Married,High School,Salaried,1149661,618493,24,13.77,7.7,3,0,125076,3,0.14,1
CUST100222,20,Female,Single,Graduate,Self-Employed,316521,47302,36,19.64,4.4,4,3,154509,2,0.7,1
CUST100223,66,Male,Married,High School,Self-Employed,1498336,424499,48,12.95,16.5,4,3,150657,2,0.64,1
CUST100224,54,Female,Divorced,High School,Self-Employed,1043593,182007,24,12.37,12.2,2,3,140926,7,0.68,1
CUST100225,66,Female,Single,Diploma,Salaried,569764,616822,36,14.02,8.9,3,1,183148,3,0.67,1
CUST100226,34,Male,Married,Diploma,Self-Employed,1325771,769702,12,11.25,18.9,5,3,56950,0,0.45,1
CUST100227,66,Male,Married,Diploma,Salaried,1218589,182696,36,19.27,1,4,0,148421,2,0.23,1
CUST100228,19,Male,Married,Graduate,Unemployed,521562,33440,36,18.05,17,4,5,152420,0,0.51,1
CUST100229,19,Female,Single,High School,Self-Employed,336486,393145,60,15.98,20,5,5,165368,2,0.86,1
CUST100230,45,Female,Married,High School,Salaried,546888,328645,24,14.55,17.7,1,2,19455,6,0.55,1
CUST100231,40,Male,Divorced,Graduate,Salaried,955988,414485,48,22.59,16.2,1,3,185093,4,0.06,0
CUST100232,54,Male,Single,Diploma,Salaried,1030155,705611,48,8.95,7.5,0,5,170365,6,0.1,1
CUST100233,49,Male,Single,Graduate,Self-Employed,670428,360053,60,20.42,4.6,2,3,88552,2,0.89,1
CUST100234,50,Female,Divorced,Graduate,Salaried,383328,628811,48,22.48,14.7,3,2,46116,4,0.11,1
CUST100235,18,Female,Single,Graduate,Salaried,231361,714089,36,15.42,6.1,4,5,120461,5,0.09,1
CUST100236,36,Female,Married,Graduate,Salaried,912038,560022,60,17.04,3.5,4,0,40484,0,0.35,1
CUST100237,19,Female,Married,Diploma,Self-Employed,517172,717789,12,23.14,15.7,0,1,161287,2,0.87,1
CUST100238,61,Male,Single,Graduate,Self-Employed,1185131,192409,24,11.79,6.3,4,3,81638,7,0.32,1
CUST100239,43,Male,Married,Diploma,Self-Employed,734673,453541,24,16.56,18.3,2,5,134476,1,0.4,0
CUST100240,49,Male,Married,Diploma,Self-Employed,1489222,365744,24,15.86,16.8,0,5,168332,7,0.59,1
CUST100241,23,Male,Married,Graduate,Salaried,375658,527173,36,12.51,17,2,2,100647,1,0.07,0
CUST100242,49,Female,Single,Diploma,Salaried,874085,684471,12,21.19,15.4,0,0,65642,3,0.81,1
CUST100243,21,Female,Married,Graduate,Self-Employed,223844,648274,60,22.44,17.6,4,4,46009,1,0.49,1
CUST100244,28,Male,Single,Graduate,Salaried,1259897,658071,60,20.62,16.1,0,5,128824,4,0.45,1
CUST100245,34,Male,Single,Post-Graduate,Salaried,955488,231655,24,11.53,12.1,1,1,29605,1,0.78,1
CUST100246,55,Female,Divorced,Post-Graduate,Salaried,218234,486836,12,9.84,5.9,3,2,110879,1,0.86,1
CUST100247,41,Male,Single,Diploma,Salaried,594718,691813,12,17.88,17.8,4,5,184277,1,0.41,1
CUST100248,22,Female,Married,Diploma,Salaried,871993,761204,12,9.38,16.8,5,5,168641,2,0.2,1
CUST100249,69,Male,Single,Graduate,Self-Employed,1118922,452184,48,18.93,9.5,3,2,120827,3,0.74,1
CUST100250,51,Male,Married,Diploma,Salaried,845571,181149,48,16.72,0.8,4,2,5580,0,0.39,1
CUST100251,23,Male,Single,Graduate,Salaried,948282,259654,24,18.77,12.8,3,3,114902,3,0.85,1
CUST100252,39,Male,Divorced,Graduate,Salaried,591761,447991,12,17.65,1,1,5,5400,7,0.86,1
CUST100253,28,Male,Married,Graduate,Self-Employed,1458563,209216,12,15.05,18.5,3,4,170715,4,0.15,1
CUST100254,65,Male,Single,Diploma,Salaried,444464,197169,60,11.61,19.2,0,1,96032,2,0.86,1
CUST100255,33,Male,Single,High School,Self-Employed,674081,678139,60,13.24,3.8,3,0,127319,5,0.36,1
CUST100256,50,Female,Single,Diploma,Self-Employed,1141911,151827,24,16.63,13.5,4,0,106960,2,0.6,1
CUST100257,26,Female,Married,High School,Salaried,1188203,321407,12,18.6,1.8,5,4,39015,6,0.08,1
CUST100258,23,Female,Single,Post-Graduate,Unemployed,1492542,337231,24,20.58,14.6,5,2,71713,1,0.81,1
CUST100259,33,Female,Married,Diploma,Unemployed,597317,595770,60,20.39,6.9,2,2,146046,7,0.6,1
CUST100260,46,Female,Married,High School,Self-Employed,1391209,142989,60,23.58,13.6,3,2,145109,1,0.6,1
CUST100261,20,Male,Single,High School,Self-Employed,1089752,430616,48,12.93,7.5,5,5,147239,4,0.82,1
CUST100262,37,Male,Married,Graduate,Salaried,437942,296393,24,9.6,2.9,3,2,88754,5,0.48,1
CUST100263,53,Female,Married,Graduate,Salaried,457462,788543,24,13.86,8.1,5,2,43148,7,0.4,1
CUST100264,36,Male,Single,Diploma,Salaried,470046,654649,12,20.02,2.3,3,5,152606,6,0.79,1
CUST100265,43,Female,Single,High School,Salaried,541773,319850,12,15.29,11.5,4,5,122790,2,0.68,1
CUST100266,20,Female,Single,Diploma,Unemployed,453478,381185,48,21.18,0.8,3,4,86078,5,0.86,1
CUST100267,36,Male,Married,Diploma,Salaried,588379,61139,36,17.01,10.5,4,3,56879,0,0.85,1
CUST100268,37,Male,Married,Graduate,Self-Employed,488863,659207,36,22.91,17.7,4,5,119894,3,0.37,1
CUST100269,49,Male,Married,Graduate,Self-Employed,1291675,791965,36,23.19,16.8,2,1,65839,2,0.43,1
CUST100270,24,Female,Married,Diploma,Self-Employed,853362,323446,24,9.57,17.7,5,2,29756,5,0.27,1
CUST100271,69,Male,Married,High School,Unemployed,817974,245756,24,15.57,18.4,0,3,143755,0,0.61,0
CUST100272,58,Female,Married,Post-Graduate,Salaried,1443440,369982,60,17.95,2.1,4,0,180557,0,0.36,1
CUST100273,50,Female,Married,Diploma,Salaried,1488328,684006,24,12.47,2.6,5,4,142097,6,0.72,1
CUST100274,57,Female,Single,Graduate,Salaried,227449,688903,24,14.81,11.1,1,3,149787,6,0.15,1
CUST100275,56,Male,Single,High School,Salaried,1271404,769856,24,19,17.9,3,5,92943,3,0.15,1
CUST100276,35,Male,Single,Diploma,Salaried,1295189,698145,48,12.01,19.5,1,2,148188,0,0.22,0
CUST100277,57,Female,Single,High School,Salaried,192095,371136,24,17.83,0.9,3,2,36744,7,0.12,1
CUST100278,18,Male,Married,Graduate,Self-Employed,750212,568065,12,19.31,7.1,2,2,124697,4,0.58,1
CUST100279,28,Male,Divorced,Post-Graduate,Salaried,740740,77939,12,9.9,4.3,4,3,116072,0,0.18,0
CUST100280,45,Male,Single,Diploma,Salaried,207593,466242,60,16.21,15.1,0,2,133196,5,0.19,1
CUST100281,42,Female,Single,High School,Self-Employed,811252,43548,48,12.58,12.8,4,5,169123,6,0.06,1
CUST100282,67,Female,Married,High School,Salaried,1022473,476437,12,19.73,2.4,3,3,7176,4,0.71,1
CUST100283,40,Male,Divorced,Diploma,Salaried,246202,669837,48,11.44,9.7,0,2,91310,7,0.74,1
CUST100284,48,Female,Single,High School,Self-Employed,197606,453917,48,22.33,13.7,4,0,195890,6,0.19,1
CUST100285,47,Male,Married,High School,Self-Employed,1292345,464503,60,15.18,15.6,0,0,149748,7,0.68,1
CUST100286,59,Male,Single,Graduate,Self-Employed,238542,157799,48,11.57,0.4,3,1,45177,6,0.42,1
CUST100287,52,Male,Single,Diploma,Salaried,695610,785820,24,15.29,17.8,2,2,110623,6,0.25,1
CUST100288,24,Male,Divorced,Diploma,Self-Employed,1326126,201789,48,14.84,11.4,2,2,997,0,0.58,0
CUST100289,33,Female,Divorced,Post-Graduate,Self-Employed,575433,445643,60,15.15,16.2,4,3,190402,1,0.2,1
CUST100290,43,Female,Single,High School,Salaried,744987,692052,60,17.58,16.2,1,3,174841,0,0.69,0
CUST100291,65,Female,Divorced,Post-Graduate,Self-Employed,210140,575913,60,16.58,3.8,3,2,120179,6,0.09,1
CUST100292,69,Male,Married,Diploma,Self-Employed,1466853,454352,12,10.82,2.2,4,1,120403,4,0.87,1
CUST100293,66,Male,Married,Post-Graduate,Salaried,1266204,659169,24,9.52,14.4,4,2,142303,0,0.11,1
CUST100294,19,Male,Married,Graduate,Salaried,1253634,465625,12,19.81,3.1,2,5,95287,6,0.54,1
CUST100295,18,Female,Married,Graduate,Unemployed,601799,367299,36,17.18,17,0,3,119574,6,0.82,1
CUST100296,65,Male,Married,Post-Graduate,Self-Employed,1320118,131776,24,14.06,14.5,3,2,121509,0,0.06,0
CUST100297,29,Female,Married,Diploma,Salaried,1473849,778284,48,21.03,16.8,0,3,85447,0,0.47,0
CUST100298,22,Female,Single,Post-Graduate,Self-Employed,1439251,533624,60,14.51,6,5,2,109522,4,0.35,1
CUST100299,54,Female,Single,Diploma,Salaried,1467758,232803,36,20.84,6.3,5,4,187037,7,0.54,1
CUST100300,49,Female,Single,Diploma,Salaried,162674,178761,24,13.24,13.4,3,3,81144,0,0.24,0
CUST100301,26,Female,Married,Diploma,Salaried,247572,686514,12,9.63,0.6,1,1,192589,3,0.11,1
CUST100302,58,Female,Single,Graduate,Unemployed,411975,517873,60,22.96,14.5,5,4,92693,5,0.58,1
CUST100303,52,Male,Married,High School,Unemployed,701462,377092,12,14.62,16.7,2,5,94315,3,0.4,1
CUST100304,36,Male,Divorced,Graduate,Salaried,551436,41341,24,20.79,8.3,1,2,27387,4,0.58,1
CUST100305,65,Female,Single,Graduate,Salaried,565935,379698,24,12.83,15.3,4,5,4090,1,0.23,1
CUST100306,33,Female,Married,Graduate,Salaried,900296,225753,36,18.52,3.5,5,3,120846,3,0.34,1
CUST100307,20,Male,Married,Graduate,Unemployed,1221627,328474,48,22.04,6.4,2,4,156017,7,0.53,1
CUST100308,37,Female,Married,Diploma,Unemployed,1371661,793429,12,9.15,19.5,4,5,40239,6,0.55,1
CUST100309,41,Female,Single,Diploma,Self-Employed,1487372,369903,36,21.37,19.7,1,1,3743,5,0.37,1
CUST100310,50,Male,Married,Diploma,Self-Employed,1234100,743776,60,17.36,10.3,3,3,30924,2,0.29,1
CUST100311,41,Female,Married,High School,Self-Employed,388614,368951,48,17.92,18.7,4,4,141268,5,0.28,1
CUST100312,69,Female,Divorced,High School,Salaried,637733,329044,36,16.61,10.5,0,5,130160,3,0.2,0
CUST100313,28,Female,Married,Diploma,Salaried,435617,98840,12,22.05,5.8,3,4,91815,2,0.33,1
CUST100314,66,Male,Married,Diploma,Salaried,1057384,185767,24,9.17,5.3,3,4,105312,4,0.22,1
CUST100315,25,Male,Married,Post-Graduate,Self-Employed,1213015,181297,60,12.55,18.6,1,5,68860,7,0.59,1
CUST100316,53,Male,Married,Graduate,Self-Employed,396452,69156,12,22.07,3.4,1,0,172472,5,0.53,1
CUST100317,55,Female,Married,Diploma,Salaried,211563,228281,48,20.16,11.6,2,2,80399,1,0.38,0
CUST100318,57,Female,Single,Graduate,Unemployed,871616,107453,48,8.77,11.1,2,3,48795,2,0.33,1
CUST100319,37,Male,Divorced,High School,Salaried,1465801,703189,24,16.51,14.8,0,3,51553,2,0.25,0
CUST100320,52,Female,Married,Diploma,Salaried,850602,45938,24,16.71,10,3,3,103976,5,0.51,1
CUST100321,65,Female,Married,Graduate,Self-Employed,879495,79164,60,14.71,5.4,0,4,155183,3,0.83,1
CUST100322,42,Female,Single,Diploma,Self-Employed,1089655,467746,60,13.11,3.4,0,5,113566,2,0.63,1
CUST100323,52,Female,Married,Diploma,Self-Employed,287896,743559,24,19.07,12.4,1,2,194155,4,0.68,1
CUST100324,42,Female,Single,Post-Graduate,Salaried,741912,604570,24,11.72,14.4,0,1,119968,5,0.76,1
CUST100325,46,Male,Married,Post-Graduate,Salaried,539515,329945,48,20.88,11.4,0,3,61600,4,0.35,0
CUST100326,35,Female,Single,Graduate,Self-Employed,1137497,422681,24,20.95,14.8,4,5,50022,5,0.1,1
CUST100327,63,Male,Married,Graduate,Salaried,150063,285470,36,14.94,2.8,2,2,134271,4,0.58,1
CUST100328,35,Female,Divorced,Graduate,Salaried,1159272,702954,12,12.89,17.6,2,2,50897,3,0.21,1
CUST100329,19,Male,Single,High School,Self-Employed,374371,135819,24,12.9,11.6,3,0,38038,5,0.53,1
CUST100330,52,Female,Divorced,Diploma,Salaried,1105976,286907,60,15.98,2.5,2,5,123323,7,0.68,1
CUST100331,33,Male,Married,High School,Self-Employed,222166,501873,36,19.65,9.2,5,3,186110,6,0.72,1
CUST100332,58,Female,Married,Diploma,Self-Employed,1183082,161900,60,14.06,16.9,3,4,120278,1,0.31,1
CUST100333,53,Male,Married,Graduate,Salaried,1393989,329732,36,17.96,18,4,2,111054,3,0.49,1
CUST100334,50,Female,Married,High School,Salaried,1117358,424427,24,14.43,5.3,2,2,7897,4,0.58,1
CUST100335,21,Male,Married,Post-Graduate,Self-Employed,1282180,557857,12,13.22,14.2,4,1,64541,7,0.75,1
CUST100336,50,Female,Married,Post-Graduate,Self-Employed,1194602,247966,60,8.89,2,2,0,106968,5,0.7,1
CUST100337,31,Male,Married,Graduate,Self-Employed,540888,57860,36,8.56,0.7,2,2,14892,3,0.89,1
CUST100338,38,Male,Single,Graduate,Self-Employed,1483133,222630,48,12.02,11.2,4,2,139343,4,0.06,1
CUST100339,65,Female,Married,Post-Graduate,Self-Employed,1423692,543225,24,14.8,13.9,0,4,24815,0,0.42,0
CUST100340,37,Female,Married,High School,Unemployed,1495786,688875,12,21.69,15.9,0,4,45612,0,0.27,0
CUST100341,25,Male,Married,Graduate,Salaried,310285,615983,24,20.88,6.8,0,1,164429,2,0.15,0
CUST100342,24,Female,Married,High School,Salaried,1219547,273078,48,12.64,0.1,5,5,16267,1,0.82,1
CUST100343,20,Male,Married,Graduate,Salaried,540497,786887,12,12.29,9.6,0,1,18268,0,0.9,0
CUST100344,34,Male,Married,Diploma,Salaried,233978,388893,48,12.02,0.3,2,1,114463,6,0.2,1
CUST100345,50,Male,Single,Post-Graduate,Salaried,1327739,175976,24,13.76,1.8,1,4,145335,4,0.08,1
CUST100346,65,Female,Married,Post-Graduate,Salaried,223864,735295,36,16.22,6.5,4,5,95347,3,0.28,1
CUST100347,29,Male,Single,High School,Unemployed,1151259,25636,24,15.3,8.7,1,4,190732,5,0.76,1
CUST100348,68,Male,Single,Diploma,Salaried,1056114,281578,24,11.88,5.6,5,0,196599,3,0.3,1
CUST100349,39,Female,Single,Post-Graduate,Salaried,514295,359273,24,10.52,11.6,1,3,194451,2,0.1,0
CUST100350,39,Female,Single,Diploma,Salaried,739674,303816,60,8.69,1.1,3,3,94542,7,0.09,1
CUST100351,63,Female,Married,Post-Graduate,Salaried,568648,247693,48,10.89,2.9,0,0,172343,3,0.41,1
CUST100352,47,Female,Single,Graduate,Salaried,725151,541393,48,19.43,13.9,5,3,66612,0,0.84,1
CUST100353,55,Male,Married,Diploma,Salaried,460435,20654,48,12.28,2.8,2,5,138307,3,0.29,1
CUST100354,55,Male,Single,Diploma,Salaried,245659,598921,60,15.76,12.8,0,4,88757,0,0.41,0
CUST100355,62,Male,Single,High School,Self-Employed,1175811,37143,36,17.67,1.1,0,3,147489,0,0.14,0
CUST100356,68,Male,Single,Graduate,Self-Employed,1231288,600222,24,22.25,8.1,1,5,98075,1,0.47,0
CUST100357,25,Female,Single,Diploma,Self-Employed,1321121,349478,36,22.28,3.5,3,4,34609,2,0.64,1
CUST100358,44,Male,Married,Graduate,Self-Employed,882178,647751,60,20.06,2.2,0,5,102785,6,0.28,1
CUST100359,44,Male,Married,Diploma,Salaried,245849,145851,48,9.04,11.3,4,0,164974,6,0.3,1
CUST100360,51,Female,Married,Graduate,Self-Employed,1144903,573375,24,17.41,18.6,4,1,23645,4,0.77,1
CUST100361,38,Male,Married,Post-Graduate,Self-Employed,375493,686978,12,20.69,1.1,0,0,193945,6,0.06,1
CUST100362,47,Male,Single,Post-Graduate,Salaried,724111,331011,12,8.77,8.4,1,3,195630,0,0.59,0
CUST100363,50,Male,Married,Diploma,Self-Employed,1272791,464244,36,17.02,14.2,1,4,62233,5,0.38,1
CUST100364,45,Male,Married,Graduate,Salaried,152230,178272,48,21.8,9.3,2,5,111443,2,0.3,1
CUST100365,64,Male,Married,Graduate,Self-Employed,466717,246179,12,15.85,16.1,5,3,154473,4,0.61,1
CUST100366,50,Male,Single,Graduate,Unemployed,867948,736825,36,8.56,3.6,5,3,7771,6,0.76,1
CUST100367,22,Female,Single,Post-Graduate,Salaried,582092,522716,60,8.67,19.2,5,1,172407,6,0.52,1
CUST100368,65,Female,Single,High School,Self-Employed,422788,237508,36,14.96,7.7,3,3,198521,5,0.08,1
CUST100369,36,Male,Single,High School,Self-Employed,1348312,662710,36,10.9,6.8,1,1,102601,3,0.44,1
CUST100370,21,Male,Married,Post-Graduate,Unemployed,951635,370036,36,18.8,17.5,2,4,133014,2,0.44,1
CUST100371,52,Female,Married,Diploma,Salaried,1497397,239631,24,19.49,11.3,4,4,151460,5,0.51,1
CUST100372,66,Male,Married,Graduate,Self-Employed,767534,402188,36,11.26,10.3,5,5,125224,6,0.62,1
CUST100373,34,Male,Married,Post-Graduate,Salaried,1253393,59148,36,22.27,14.5,4,1,83251,2,0.07,1
CUST100374,61,Male,Married,High School,Salaried,1407233,171770,24,15.35,11.6,4,0,57042,2,0.48,1
CUST100375,45,Female,Married,Post-Graduate,Salaried,1385609,455686,24,10.71,3.3,0,4,53740,6,0.55,1
CUST100376,47,Male,Divorced,Diploma,Unemployed,351414,505287,60,20.35,13.5,3,5,196945,3,0.34,1
CUST100377,46,Female,Single,Graduate,Self-Employed,376812,731823,48,20.74,2.7,2,0,47024,3,0.62,1
CUST100378,63,Male,Single,Graduate,Self-Employed,424958,315901,12,18.41,16.1,3,4,154522,6,0.24,1
CUST100379,23,Female,Single,Post-Graduate,Unemployed,290956,98012,12,21.73,19.8,0,4,56965,2,0.32,0
CUST100380,52,Female,Married,High School,Salaried,1425710,76116,36,19.93,7.5,2,5,10057,5,0.87,1
CUST100381,58,Male,Married,Diploma,Salaried,975754,164233,60,22.17,8.9,2,5,8983,1,0.35,1
CUST100382,54,Female,Single,Graduate,Salaried,141650,52152,36,15.23,0.9,1,2,130469,0,0.34,0
CUST100383,41,Male,Divorced,Graduate,Salaried,1046694,126379,12,20.09,0.3,3,3,19995,3,0.56,1
CUST100384,46,Female,Single,Graduate,Salaried,1339097,246905,24,24,18.4,3,3,114587,6,0.88,1
CUST100385,66,Male,Divorced,High School,Salaried,1339309,40836,48,19.74,2.6,1,0,38886,7,0.89,1
CUST100386,63,Male,Single,Diploma,Salaried,936141,241439,60,10.27,8.9,4,3,89025,1,0.54,1
CUST100387,48,Female,Single,Diploma,Salaried,362037,206720,24,16.53,16.3,0,0,95149,3,0.05,0
CUST100388,52,Male,Married,Graduate,Salaried,1249004,177403,48,17.6,17.8,3,4,94020,7,0.82,1
CUST100389,50,Male,Single,Diploma,Salaried,326251,161835,60,11.2,10.4,1,2,2673,2,0.53,0
CUST100390,69,Female,Single,High School,Unemployed,654231,637397,60,23.42,11.3,2,2,165962,6,0.36,1
CUST100391,38,Male,Single,Post-Graduate,Self-Employed,141042,170259,12,11.22,13.4,5,4,77513,1,0.75,1
CUST100392,49,Male,Married,High School,Unemployed,950326,163029,24,11.25,19.2,1,5,23466,6,0.39,1
CUST100393,40,Female,Married,Post-Graduate,Salaried,1098582,417595,60,22.69,12.1,5,1,92545,5,0.08,1
CUST100394,50,Female,Single,Graduate,Salaried,438903,626306,60,15.71,11.2,4,1,50406,5,0.75,1
CUST100395,20,Male,Married,Graduate,Self-Employed,1014801,667364,48,9.48,0.3,0,3,134760,4,0.51,1
CUST100396,35,Male,Married,Diploma,Salaried,934811,702465,12,17.77,1.6,5,5,69284,0,0.34,1
CUST100397,42,Female,Single,High School,Salaried,502811,414093,36,17.83,11.5,4,0,114579,0,0.26,1
CUST100398,59,Female,Married,Graduate,Salaried,621691,723713,12,9.5,18.7,5,2,13665,3,0.55,1
CUST100399,48,Male,Single,Graduate,Salaried,1128314,759945,36,23.57,17.3,2,3,20641,0,0.23,0
CUST100400,20,Female,Single,Graduate,Salaried,334304,365452,24,16.93,19.7,2,4,163572,6,0.33,1
CUST100401,57,Male,Married,High School,Salaried,516178,464783,24,17.18,10.6,2,5,35797,6,0.59,1
CUST100402,63,Male,Single,Graduate,Self-Employed,558963,340057,60,16.56,15.8,2,2,45950,4,0.8,1
CUST100403,41,Male,Married,Graduate,Salaried,1031612,546925,24,17.97,16.8,1,0,156118,7,0.5,1
CUST100404,67,Male,Married,Graduate,Salaried,434493,485994,60,12.6,13,2,0,129554,5,0.7,1
CUST100405,49,Male,Single,Graduate,Self-Employed,321904,782277,12,12.95,6.8,2,1,102339,7,0.7,1
CUST100406,64,Female,Married,Graduate,Salaried,831716,776547,24,16.43,9.4,1,3,113431,7,0.61,1
CUST100407,39,Female,Single,Graduate,Salaried,790105,381652,12,21,17.2,2,4,140710,1,0.26,0
CUST100408,40,Female,Divorced,High School,Self-Employed,125730,626752,12,9.27,6,4,2,21173,1,0.79,1
CUST100409,19,Female,Married,Diploma,Salaried,1370786,310886,24,17.85,18.5,4,0,144294,5,0.42,1
CUST100410,44,Male,Married,High School,Salaried,858471,556119,12,21.01,4.6,3,2,181136,2,0.09,1
CUST100411,59,Male,Married,Diploma,Salaried,1187599,133768,24,10.93,15,4,4,168082,5,0.26,1
CUST100412,19,Male,Single,Diploma,Salaried,465430,791271,24,8.73,12.6,0,2,18095,1,0.7,0
CUST100413,43,Male,Married,High School,Salaried,948411,367236,24,13.35,15,0,3,123554,7,0.11,1
CUST100414,34,Female,Divorced,Diploma,Self-Employed,528213,649112,36,17.62,8.7,0,1,132511,3,0.18,0
CUST100415,57,Male,Married,High School,Salaried,820399,108741,12,10.64,18.7,1,2,125614,4,0.64,1
CUST100416,50,Male,Married,Graduate,Salaried,140923,38830,48,15.1,12.6,4,5,136447,7,0.81,1
CUST100417,26,Female,Married,Post-Graduate,Salaried,967405,337188,24,17.06,5.8,0,1,89023,5,0.59,1
CUST100418,60,Female,Single,High School,Salaried,314795,89202,12,17.78,12.8,3,4,107181,2,0.24,1
CUST100419,65,Female,Single,Post-Graduate,Self-Employed,948854,319189,60,12.75,5.7,1,1,20600,7,0.1,1
CUST100420,56,Female,Married,Graduate,Salaried,353462,237394,24,14.7,5.9,3,2,2466,3,0.57,1
CUST100421,46,Male,Married,Diploma,Salaried,171413,530473,24,20.56,8,4,2,176169,5,0.09,1
CUST100422,59,Male,Married,High School,Salaried,1008916,222123,48,23.09,17,2,5,109934,3,0.57,1
CUST100423,43,Female,Divorced,Graduate,Salaried,1424295,177699,36,21.86,10,3,0,53276,7,0.24,1
CUST100424,52,Male,Single,Graduate,Salaried,673044,297342,36,17.25,13.6,2,5,181189,5,0.82,1
CUST100425,67,Male,Single,Graduate,Self-Employed,1441024,524655,24,14.86,7.8,1,2,178043,3,0.45,1
CUST100426,42,Male,Married,High School,Salaried,530226,650759,12,13.66,5.3,3,1,6928,6,0.24,1
CUST100427,41,Female,Single,High School,Salaried,1295615,256824,60,10.44,19.1,3,5,55309,0,0.78,1
CUST100428,30,Male,Married,Diploma,Salaried,300074,532214,60,10.15,12.1,5,5,171960,3,0.27,1
CUST100429,24,Female,Married,Diploma,Self-Employed,776735,39403,12,19.17,18.7,1,0,174904,6,0.31,1
CUST100430,53,Male,Married,High School,Salaried,928524,23681,24,12.53,4.1,1,2,116196,7,0.76,1
CUST100431,62,Male,Single,Diploma,Self-Employed,251562,373699,60,12.45,2.9,0,2,9404,0,0.31,0
CUST100432,37,Male,Married,Graduate,Self-Employed,1172305,659548,36,23.97,17.1,4,4,164711,1,0.4,1
CUST100433,18,Female,Married,Post-Graduate,Self-Employed,762510,717652,12,11.41,13.6,3,0,191670,0,0.35,0
CUST100434,25,Male,Married,Diploma,Salaried,728148,649674,48,10.79,3.7,3,4,197471,3,0.15,1
CUST100435,63,Female,Single,Post-Graduate,Salaried,378360,777666,24,10.03,5.4,1,4,113187,4,0.08,1
CUST100436,33,Female,Married,Diploma,Self-Employed,479014,418845,12,17.49,16,1,4,110449,4,0.67,1
CUST100437,31,Female,Married,Diploma,Unemployed,1189974,113246,60,18.23,9.1,4,3,27684,1,0.6,1
CUST100438,29,Male,Single,High School,Self-Employed,416794,115864,24,14.16,13.4,1,4,68591,3,0.29,1
CUST100439,68,Male,Single,Graduate,Salaried,748177,228886,36,16.8,6.4,2,5,119821,0,0.3,0
CUST100440,40,Male,Single,Post-Graduate,Salaried,1433879,290561,24,20.72,7.6,2,1,2682,4,0.85,1
CUST100441,32,Male,Married,Graduate,Salaried,480306,401032,24,21.18,19.8,5,5,111186,5,0.89,1
CUST100442,45,Female,Married,Diploma,Self-Employed,1394535,185837,36,23.35,5,2,5,169118,2,0.45,1
CUST100443,51,Female,Married,Graduate,Salaried,747122,265160,36,21.28,10.1,2,2,21832,3,0.73,1
CUST100444,19,Female,Single,High School,Salaried,638490,207646,24,17.26,16.9,4,3,16997,6,0.68,1
CUST100445,49,Male,Single,Post-Graduate,Self-Employed,673608,503761,36,11.28,4.8,3,4,34640,6,0.3,1
CUST100446,40,Female,Married,Graduate,Salaried,583092,276681,12,10.05,8.3,2,2,40491,5,0.1,1
CUST100447,39,Male,Married,Diploma,Self-Employed,154924,485483,36,9.34,12.3,5,0,63043,5,0.17,1
CUST100448,68,Female,Divorced,Graduate,Salaried,1381368,715923,36,18.83,9.6,1,0,112175,3,0.76,1
CUST100449,42,Male,Single,Graduate,Salaried,815385,555620,24,21.02,9.2,2,2,128568,2,0.67,1
CUST100450,39,Male,Married,High School,Salaried,1170735,799105,12,16.38,7.3,5,1,114250,4,0.61,1
CUST100451,39,Female,Married,Graduate,Self-Employed,693228,240326,48,9.35,11.7,4,2,72725,2,0.16,1
CUST100452,66,Female,Married,High School,Salaried,590192,743807,48,16.8,12.5,1,2,128131,1,0.59,1
CUST100453,69,Female,Married,Graduate,Salaried,560420,281849,60,23,13.1,5,3,45520,0,0.71,1
CUST100454,59,Female,Married,Graduate,Unemployed,782132,339248,36,17.76,1.4,2,0,62919,0,0.78,1
CUST100455,23,Male,Divorced,Graduate,Salaried,885328,366479,36,21.05,12.6,3,0,109869,5,0.06,1
CUST100456,32,Female,Single,Graduate,Salaried,849115,397082,12,20.9,19.1,1,4,64442,4,0.63,1
CUST100457,60,Female,Single,Graduate,Salaried,274536,100730,48,22.95,10.8,1,5,152842,2,0.07,0
CUST100458,54,Female,Married,High School,Salaried,695425,418167,60,20.44,14.3,3,2,105246,5,0.65,1
CUST100459,50,Male,Married,Graduate,Self-Employed,543448,257474,12,20.09,11.1,1,2,178570,3,0.59,1
CUST100460,25,Male,Single,Diploma,Salaried,967929,310477,36,12.13,17.1,2,1,109687,5,0.18,1
CUST100461,61,Female,Single,Diploma,Salaried,621233,303817,48,9.43,18.6,1,0,123447,3,0.7,1
CUST100462,61,Male,Single,Diploma,Salaried,744773,585158,60,16.52,3.7,2,1,61477,3,0.11,1
CUST100463,22,Female,Married,High School,Self-Employed,1409546,273017,24,10.43,8.7,3,3,244,1,0.75,1
CUST100464,56,Male,Single,Graduate,Salaried,1122021,671824,48,23.41,7.8,0,4,163860,1,0.27,0
CUST100465,21,Male,Single,High School,Salaried,120901,353245,60,12.99,8.1,3,1,79453,3,0.64,1
CUST100466,23,Male,Single,Graduate,Salaried,207980,45494,12,21.72,2.5,2,0,188809,7,0.84,1
CUST100467,62,Male,Single,Diploma,Salaried,909313,643765,24,14.51,16.3,4,3,177561,4,0.34,1
CUST100468,49,Female,Single,High School,Salaried,412007,408227,60,13.51,0.7,3,2,127962,1,0.48,1
CUST100469,69,Female,Married,Graduate,Salaried,886722,749520,60,22.99,10.6,4,3,71303,1,0.44,1
CUST100470,47,Female,Single,High School,Self-Employed,518838,394842,36,14.13,13.2,4,5,28390,0,0.18,0
CUST100471,64,Male,Married,Diploma,Salaried,635956,393704,48,14.55,4.1,2,1,10247,5,0.55,1
CUST100472,52,Female,Single,Graduate,Unemployed,607063,414051,36,10.14,18.1,2,0,190791,0,0.68,0
CUST100473,57,Female,Married,High School,Unemployed,846546,300790,24,18.89,16.8,0,1,165750,4,0.83,1
CUST100474,69,Female,Married,Graduate,Salaried,951633,143777,60,12.98,9.4,5,2,29583,1,0.77,1
CUST100475,33,Male,Married,High School,Salaried,371839,621648,36,17.58,8.2,1,2,139148,6,0.48,1
CUST100476,30,Male,Married,High School,Salaried,1145264,319479,48,17.67,4.7,3,0,149078,7,0.66,1
CUST100477,67,Male,Single,Graduate,Self-Employed,1489971,153501,24,19.65,14.6,2,5,146123,1,0.73,1
CUST100478,59,Female,Single,Diploma,Salaried,716860,324094,12,20.05,2.6,3,4,135386,2,0.47,1
CUST100479,47,Female,Married,High School,Salaried,956642,604942,36,16.47,13.6,5,3,28670,4,0.15,1
CUST100480,36,Female,Divorced,Diploma,Salaried,507773,389566,24,13.63,16.8,5,3,198623,6,0.42,1
CUST100481,34,Male,Married,Diploma,Self-Employed,142499,392078,12,21.48,4.6,4,2,124920,5,0.77,1
CUST100482,36,Male,Married,Graduate,Self-Employed,746840,139975,36,13.3,17.3,1,1,10236,5,0.56,1
CUST100483,45,Female,Married,Diploma,Salaried,564844,743503,24,16.37,0.7,0,1,35568,6,0.67,1
CUST100484,43,Male,Married,Graduate,Self-Employed,606525,373330,24,14.72,18.3,3,5,191386,5,0.21,1
CUST100485,54,Male,Single,Post-Graduate,Salaried,991905,386378,36,21.75,2.4,1,4,107327,7,0.87,1
CUST100486,43,Male,Married,Diploma,Salaried,263704,646614,24,15.19,12.9,0,1,110188,6,0.39,1
CUST100487,40,Male,Divorced,Post-Graduate,Self-Employed,805967,97527,60,14.48,5,3,3,16352,4,0.61,1
CUST100488,26,Female,Single,Diploma,Salaried,1260449,368848,36,19.19,16.7,1,1,125721,6,0.07,1
CUST100489,29,Male,Married,Post-Graduate,Salaried,185756,452601,24,17.84,10.2,2,4,176722,6,0.16,1
CUST100490,18,Male,Single,High School,Salaried,560210,186991,12,10.16,2.7,3,3,141418,2,0.71,1
CUST100491,18,Male,Married,Graduate,Self-Employed,1363030,116952,12,16.38,11.4,1,1,156228,2,0.87,1
CUST100492,64,Male,Single,Diploma,Self-Employed,1487064,353260,60,19.9,8.2,5,3,55904,0,0.32,1
CUST100493,51,Female,Married,Diploma,Self-Employed,1290473,485806,36,23.88,13.2,0,2,145107,4,0.08,1
CUST100494,49,Female,Married,Graduate,Self-Employed,640082,453603,24,18.25,17.6,1,2,122141,4,0.36,1
CUST100495,65,Male,Single,Graduate,Salaried,419488,691183,24,14.24,8.2,2,5,16108,2,0.06,0
CUST100496,42,Male,Married,High School,Salaried,1163361,66015,12,12.01,5.8,3,2,2853,3,0.21,1
CUST100497,57,Male,Married,High School,Salaried,203791,122877,60,22.03,0.3,3,1,84156,3,0.69,1
CUST100498,62,Male,Divorced,Graduate,Salaried,823335,297483,12,21.13,11.5,3,4,4176,0,0.85,1
CUST100499,18,Male,Single,Graduate,Salaried,1301110,543165,12,12.13,8,2,3,100459,7,0.12,1
CUST100500,33,Male,Single,Post-Graduate,Unemployed,1250017,678851,60,11.61,7.5,0,0,156992,3,0.52,0
CUST100501,56,Female,Single,Graduate,Salaried,1406188,413922,36,19.58,3.7,3,2,185922,3,0.27,1
CUST100502,22,Male,Divorced,Post-Graduate,Salaried,553797,641781,24,13.38,8.6,0,2,137901,3,0.17,0
CUST100503,39,Female,Divorced,Graduate,Salaried,1400020,691088,36,13.25,19.7,1,0,123225,7,0.24,1
CUST100504,46,Female,Married,Diploma,Salaried,1108793,516753,48,10.86,6,5,0,118458,1,0.54,1
CUST100505,20,Male,Married,High School,Unemployed,920607,735768,48,12.59,12,5,1,110893,0,0.11,0
CUST100506,29,Female,Married,Graduate,Salaried,257263,411670,48,15.13,15.5,0,3,73927,2,0.42,0
CUST100507,43,Female,Married,Graduate,Salaried,465578,451739,60,19.86,15,0,2,118178,3,0.16,0
CUST100508,33,Female,Single,High School,Self-Employed,1022153,665936,12,13.71,6.6,5,4,40667,5,0.28,1
CUST100509,68,Female,Married,Diploma,Salaried,167645,307307,36,13.59,12.2,3,1,196914,6,0.21,1
CUST100510,54,Female,Single,Post-Graduate,Salaried,359608,693078,24,12.92,17.4,4,1,166915,1,0.8,1
CUST100511,39,Female,Married,Graduate,Salaried,667571,631796,48,15.91,0.3,4,4,181880,7,0.65,1
CUST100512,46,Male,Married,Diploma,Salaried,469115,759127,36,11.3,8.7,2,4,161615,7,0.79,1
CUST100513,31,Female,Married,Diploma,Unemployed,222780,321763,48,16.03,4.5,5,5,6611,7,0.38,1
CUST100514,45,Female,Single,High School,Self-Employed,937166,294270,48,19.41,7.8,5,4,88242,3,0.32,1
CUST100515,22,Female,Single,Diploma,Salaried,1169091,609214,24,8.96,8.3,2,0,84612,6,0.37,1
CUST100516,64,Male,Single,Diploma,Self-Employed,973159,60633,60,8.65,14.9,4,2,46902,6,0.07,1
CUST100517,66,Female,Single,High School,Salaried,1015596,228726,12,9.66,1.9,1,5,33043,1,0.67,1
CUST100518,47,Male,Single,Graduate,Salaried,1476936,23317,60,16.8,10.3,3,0,136343,0,0.35,1
CUST100519,63,Female,Divorced,Diploma,Salaried,453977,327124,36,21.74,11.3,3,5,72867,7,0.32,1
CUST100520,69,Male,Married,Graduate,Salaried,703043,737006,60,8.58,9.9,1,2,77089,5,0.56,1
CUST100521,22,Male,Single,Post-Graduate,Salaried,628175,731323,36,23.02,14.6,1,5,58745,5,0.42,1
CUST100522,29,Female,Single,High School,Self-Employed,1242446,460847,36,10.15,7.7,4,0,193149,5,0.88,1
CUST100523,33,Female,Married,Graduate,Unemployed,1305656,724676,12,21.55,18.9,2,3,190191,7,0.35,1
CUST100524,43,Male,Married,Diploma,Salaried,216502,387508,24,15.98,9.6,1,2,142645,3,0.57,1
CUST100525,43,Female,Married,Post-Graduate,Salaried,710611,472558,12,18.72,11.4,2,1,152481,1,0.31,0
CUST100526,65,Male,Divorced,High School,Salaried,552206,297648,60,16.42,16.5,0,2,85970,7,0.89,1
CUST100527,38,Male,Married,Graduate,Salaried,857902,743953,36,15.89,5.5,3,2,24464,5,0.43,1
CUST100528,56,Male,Divorced,Graduate,Salaried,811804,439876,48,21.44,1.5,4,2,173912,6,0.59,1
CUST100529,53,Male,Married,Diploma,Salaried,548556,339532,48,20.22,14.2,3,3,179857,7,0.16,1
CUST100530,50,Male,Single,High School,Self-Employed,455468,232369,36,15.99,9.7,4,0,118523,6,0.67,1
CUST100531,47,Female,Divorced,Graduate,Salaried,600350,599789,12,10.23,17.9,0,1,20662,4,0.28,1
CUST100532,54,Male,Single,Graduate,Salaried,616232,728669,24,10.29,19.7,3,0,18228,7,0.43,1
CUST100533,40,Male,Married,Diploma,Salaried,1430786,47043,12,20.92,8,0,5,60721,4,0.8,1
CUST100534,27,Female,Single,Graduate,Salaried,651821,53635,36,16.71,8.3,4,5,180295,1,0.87,1
CUST100535,22,Male,Married,Diploma,Salaried,995817,230387,36,15.96,8.2,1,5,138458,7,0.41,1
CUST100536,53,Female,Married,Graduate,Self-Employed,1086540,100691,24,19.05,6.5,3,0,6862,3,0.76,1
CUST100537,51,Female,Married,High School,Salaried,370231,519730,60,21.81,15.6,0,4,40108,3,0.1,0
CUST100538,69,Female,Married,Post-Graduate,Self-Employed,1181516,113944,60,18.25,15.2,5,3,91788,0,0.77,1
CUST100539,48,Male,Single,Diploma,Salaried,500171,747467,24,20.32,9.6,3,4,80140,0,0.59,1
CUST100540,27,Male,Single,Diploma,Salaried,661220,475796,60,20.36,0.9,3,5,158273,5,0.47,1
CUST100541,36,Male,Married,High School,Salaried,1394953,535578,48,14.02,6.2,3,3,68578,2,0.81,1
CUST100542,49,Female,Single,High School,Self-Employed,570043,59236,60,12.75,5.8,2,0,49966,6,0.77,1
CUST100543,18,Male,Married,Graduate,Salaried,1098935,286294,60,20.92,16.2,0,5,185846,0,0.3,0
CUST100544,22,Female,Single,Diploma,Self-Employed,1193224,393513,60,14.35,1.8,0,0,10386,3,0.72,1
CUST100545,62,Male,Divorced,Graduate,Salaried,1150451,548425,48,22.5,16.1,3,3,77228,6,0.13,1
CUST100546,21,Female,Married,High School,Self-Employed,152966,574280,60,9.58,13.4,1,0,146297,2,0.75,1
CUST100547,33,Male,Married,Diploma,Salaried,540993,135140,48,9.4,14.6,3,0,147765,0,0.62,0
CUST100548,41,Male,Single,Diploma,Self-Employed,1424309,195993,24,22.87,8.6,2,1,72197,1,0.12,0
CUST100549,33,Male,Married,High School,Salaried,283639,665513,12,18.55,13.6,4,4,43021,4,0.63,1
CUST100550,19,Female,Divorced,High School,Unemployed,366331,492585,24,14.38,12.2,2,4,118915,0,0.54,0
CUST100551,66,Female,Married,Diploma,Salaried,1054678,355834,12,20.2,15.4,1,4,149333,7,0.56,1
CUST100552,45,Male,Married,Diploma,Salaried,1211174,316379,24,18.92,8.9,3,2,158450,0,0.3,0
CUST100553,49,Male,Married,Diploma,Salaried,310271,230047,12,16.73,9.5,0,1,117174,7,0.28,1
CUST100554,44,Female,Single,Graduate,Self-Employed,527014,563410,12,10.03,12.9,5,5,86755,1,0.7,1
CUST100555,37,Female,Married,Graduate,Salaried,1102868,306100,36,21.09,2.2,3,5,143009,3,0.27,1
CUST100556,41,Female,Single,High School,Self-Employed,967516,83879,12,21.92,8.7,1,5,66330,5,0.43,1
CUST100557,29,Male,Single,Diploma,Salaried,819597,602848,12,11.17,19.4,0,4,178438,1,0.64,0
CUST100558,67,Female,Single,Post-Graduate,Salaried,775538,392454,36,21.68,0.8,2,4,72322,5,0.12,1
CUST100559,52,Male,Single,Graduate,Salaried,368004,744045,60,22.11,6.3,4,1,102318,0,0.56,1
CUST100560,50,Female,Single,Graduate,Unemployed,1123510,257268,60,17.02,6.3,4,0,171232,3,0.55,1
CUST100561,50,Male,Single,Diploma,Self-Employed,137118,499280,36,18.67,12.7,3,4,45313,2,0.63,1
CUST100562,68,Female,Divorced,Graduate,Unemployed,1191192,527656,48,14.42,2.1,2,5,27032,0,0.36,0
CUST100563,60,Female,Married,Graduate,Salaried,251870,327268,12,12.87,12.6,5,0,148430,1,0.43,1
CUST100564,54,Female,Divorced,Graduate,Self-Employed,1438321,711257,12,19.69,1.9,5,4,61710,2,0.33,1
CUST100565,29,Female,Married,Post-Graduate,Self-Employed,122795,690392,36,21.86,1.9,1,3,95326,4,0.74,1
CUST100566,20,Female,Single,High School,Salaried,1266038,334941,36,18.64,14.6,4,2,86157,2,0.16,1
CUST100567,18,Male,Married,High School,Self-Employed,1433804,457043,48,16.43,6.5,2,4,179893,1,0.87,1
CUST100568,50,Female,Married,Graduate,Unemployed,907163,170823,60,10.96,19.5,3,3,28365,6,0.59,1
CUST100569,57,Female,Single,Graduate,Self-Employed,1300777,574661,24,9.33,0.7,0,1,13189,2,0.8,1
CUST100570,27,Female,Married,High School,Self-Employed,279094,142026,60,15.41,8.9,3,3,7248,1,0.41,1
CUST100571,60,Male,Single,Diploma,Salaried,383749,50270,12,9.26,2.3,3,1,4369,6,0.33,1
CUST100572,61,Female,Married,High School,Salaried,1246082,252931,36,17.32,7,2,4,194835,0,0.82,1
CUST100573,46,Male,Married,Diploma,Unemployed,884601,740177,48,14.43,20,4,1,139122,6,0.13,1
CUST100574,30,Female,Single,Graduate,Salaried,1212706,85184,60,20.24,17.8,2,3,28605,3,0.15,1
CUST100575,29,Female,Single,Graduate,Self-Employed,1066769,527532,48,13.24,1,0,2,49616,4,0.3,1
CUST100576,48,Male,Married,Diploma,Self-Employed,283402,755053,60,17.69,11.3,2,0,185551,6,0.87,1
CUST100577,63,Female,Married,Diploma,Self-Employed,974901,582167,12,16.83,13,1,0,103719,3,0.59,1
CUST100578,19,Male,Single,High School,Unemployed,1314835,331741,24,8.57,4.2,3,2,171955,3,0.52,1
CUST100579,68,Male,Divorced,Diploma,Salaried,539007,23626,48,9.62,2.9,4,5,33055,3,0.65,1
CUST100580,67,Female,Single,Graduate,Salaried,1370258,630224,48,13,18.1,5,0,199803,6,0.4,1
CUST100581,52,Male,Married,Post-Graduate,Salaried,343034,515395,24,22.17,19.4,0,4,116680,1,0.69,0
CUST100582,40,Female,Divorced,Graduate,Salaried,629394,779161,48,10.78,19.8,5,5,7450,7,0.38,1
CUST100583,34,Female,Single,High School,Salaried,664061,625803,48,19.52,15.8,3,4,133997,1,0.75,1
CUST100584,43,Male,Single,Post-Graduate,Salaried,910671,228137,60,23.59,13.3,2,3,50272,4,0.28,1
CUST100585,25,Male,Single,Graduate,Self-Employed,403007,599678,60,20.75,6.9,5,3,5310,1,0.29,1
CUST100586,46,Male,Single,Graduate,Unemployed,433559,767320,24,12.27,3.4,1,5,31817,5,0.49,1
CUST100587,43,Male,Single,Diploma,Salaried,188968,598432,12,22.58,1.6,2,5,175600,1,0.42,1
CUST100588,27,Female,Married,Diploma,Salaried,613891,164454,48,9.94,13.9,3,5,186851,1,0.6,1
CUST100589,43,Female,Single,Diploma,Unemployed,704718,548313,12,15.76,15.7,5,5,82641,1,0.36,1
CUST100590,51,Male,Married,High School,Salaried,1418648,456442,24,22.26,16.5,0,1,15457,0,0.25,0
CUST100591,68,Female,Divorced,High School,Salaried,121515,361524,24,18.44,18.3,5,5,42311,4,0.45,1
CUST100592,58,Female,Married,High School,Salaried,217206,274043,60,14.91,17.6,5,5,135052,5,0.53,1
CUST100593,24,Female,Married,Diploma,Salaried,365282,663198,48,13.04,20,4,3,151958,1,0.17,1
CUST100594,21,Female,Single,Graduate,Salaried,527821,482927,36,14.31,4.9,5,4,181949,7,0.52,1
CUST100595,67,Male,Married,Diploma,Unemployed,962672,640343,24,16.39,15.3,3,3,123573,4,0.32,1
CUST100596,62,Male,Married,High School,Salaried,125586,408333,48,13.45,11.7,0,0,97427,2,0.38,0
CUST100597,28,Female,Married,Post-Graduate,Salaried,1138725,750070,12,23.52,5.2,3,1,36181,0,0.29,0
CUST100598,46,Male,Single,Post-Graduate,Salaried,1028806,577749,60,22.96,19.6,1,1,164334,6,0.84,1
CUST100599,53,Male,Married,Graduate,Salaried,889565,278072,12,22,18,2,4,132019,7,0.63,1
CUST100600,42,Male,Married,Post-Graduate,Self-Employed,664999,585403,24,15.04,2.6,5,5,131094,1,0.27,1
CUST100601,38,Female,Single,Graduate,Self-Employed,140039,130084,24,19.22,0.5,4,3,1128,7,0.6,1
CUST100602,53,Female,Single,Post-Graduate,Self-Employed,326555,365876,12,22.49,13.8,0,0,79522,5,0.77,1
CUST100603,27,Female,Married,High School,Salaried,1118899,493006,24,21.68,12.1,4,3,163394,0,0.39,1
CUST100604,54,Male,Married,Diploma,Unemployed,1388306,361701,48,14.92,18.7,4,5,48929,5,0.76,1
CUST100605,26,Female,Married,High School,Self-Employed,121577,704050,24,10.24,4.7,4,5,81696,6,0.18,1
CUST100606,41,Female,Married,High School,Self-Employed,227792,93568,60,9.67,1.7,5,2,115245,6,0.75,1
CUST100607,52,Male,Single,High School,Salaried,1065854,78560,48,17.44,5.2,0,3,9808,7,0.51,1
CUST100608,66,Female,Married,Graduate,Salaried,1407116,168866,36,18.46,0.4,0,4,95148,0,0.24,0
CUST100609,52,Female,Married,Graduate,Salaried,1071302,170953,24,21.67,0.7,4,3,183954,2,0.4,1
CUST100610,65,Male,Single,Graduate,Self-Employed,1397082,761652,24,13.03,18.3,2,1,21725,7,0.89,1
CUST100611,53,Male,Single,High School,Salaried,130785,781058,60,11.1,7,5,0,72534,4,0.72,1
CUST100612,35,Male,Married,Graduate,Salaried,1240803,246024,60,14.37,8.2,5,4,39950,0,0.54,1
CUST100613,66,Female,Single,Graduate,Self-Employed,1025112,200775,12,13.98,0.4,3,2,83576,3,0.15,1
CUST100614,56,Female,Married,Diploma,Self-Employed,968389,111288,12,10.55,5.4,5,0,20557,6,0.41,1
CUST100615,49,Female,Single,Graduate,Unemployed,978326,491678,12,18.92,16.1,4,0,21825,2,0.27,1
CUST100616,41,Male,Single,Diploma,Salaried,1416517,401164,60,16.38,12.3,1,1,8998,7,0.11,1
CUST100617,40,Male,Single,Diploma,Self-Employed,270653,794124,12,19.68,15.1,4,1,36080,6,0.51,1
CUST100618,49,Female,Divorced,Post-Graduate,Salaried,437336,34390,12,13.97,8.9,0,1,188869,3,0.81,1
CUST100619,54,Female,Married,Diploma,Salaried,383606,517619,36,13.55,6.2,5,4,146874,2,0.62,1
CUST100620,29,Male,Divorced,Diploma,Salaried,510992,238547,12,15.82,9.7,5,3,142239,6,0.26,1
CUST100621,66,Male,Married,Post-Graduate,Salaried,1053015,571595,24,22.1,6.5,3,0,42407,3,0.54,1
CUST100622,30,Male,Single,Graduate,Salaried,1479385,247436,60,9.12,16.8,1,3,120283,3,0.85,1
CUST100623,40,Male,Married,High School,Self-Employed,344737,245121,48,20.97,6,5,3,13338,6,0.66,1
CUST100624,42,Female,Married,High School,Salaried,1014235,271063,36,14.22,13.2,3,1,76289,7,0.64,1
CUST100625,52,Male,Married,High School,Self-Employed,763970,44502,60,21.75,2.7,3,3,149967,6,0.87,1
CUST100626,58,Female,Single,Graduate,Salaried,506213,566774,60,20.93,13.7,1,0,178982,5,0.73,1
CUST100627,47,Female,Married,Diploma,Salaried,1223036,393957,24,13.91,18.3,4,0,131029,0,0.17,1
CUST100628,34,Female,Single,High School,Salaried,519437,713618,12,19.26,12.2,4,5,109367,0,0.35,1
CUST100629,66,Male,Single,Post-Graduate,Salaried,536690,733076,24,10.97,11.2,4,2,65898,2,0.87,1
CUST100630,37,Male,Married,Graduate,Salaried,1143577,248300,12,22.39,19.2,2,4,134526,4,0.47,1
CUST100631,65,Male,Married,High School,Salaried,1283951,123920,12,14.77,12.5,4,3,117486,6,0.14,1
CUST100632,42,Male,Single,Graduate,Salaried,1019092,756854,60,15.56,5.2,1,4,86540,7,0.44,1
CUST100633,39,Female,Single,Graduate,Salaried,272117,364912,12,19.44,5.8,2,4,191869,5,0.64,1
CUST100634,30,Male,Married,High School,Salaried,997751,607073,36,21.22,14.1,4,4,181709,0,0.9,1
CUST100635,36,Male,Married,Diploma,Unemployed,1285158,620338,36,12.16,14.7,2,5,136421,0,0.33,0
CUST100636,66,Female,Married,Graduate,Salaried,1042426,567026,36,18.75,6.1,1,4,125416,7,0.49,1
CUST100637,53,Male,Divorced,Diploma,Self-Employed,798066,94231,60,14.58,6.9,4,5,39963,5,0.8,1
CUST100638,29,Female,Married,Graduate,Self-Employed,172949,93606,24,14.21,19.8,0,0,138822,1,0.35,0
CUST100639,58,Female,Single,Diploma,Unemployed,583930,506517,48,19.2,2,5,3,94929,5,0.14,1
CUST100640,36,Female,Married,High School,Self-Employed,215558,323806,12,14.5,8.1,1,5,153535,7,0.86,1
CUST100641,29,Female,Married,High School,Salaried,1129260,400457,48,13.86,1.2,3,2,74935,0,0.47,1
CUST100642,26,Female,Single,Diploma,Self-Employed,909148,247369,24,21.46,16.4,3,4,189864,4,0.48,1
CUST100643,24,Female,Married,High School,Self-Employed,1316222,513896,24,10.07,1.8,1,2,13686,1,0.58,0
CUST100644,45,Female,Single,High School,Salaried,837186,176688,60,18.98,13.5,3,0,63528,7,0.05,1
CUST100645,31,Female,Divorced,Graduate,Salaried,191916,515898,36,12.36,1.1,1,0,99811,7,0.84,1
CUST100646,48,Male,Married,Post-Graduate,Salaried,1428166,293326,36,8.74,13.5,0,1,22787,3,0.36,0
CUST100647,69,Male,Married,Graduate,Self-Employed,892378,475229,24,11.08,16.9,1,4,145848,5,0.39,1
CUST100648,36,Male,Married,Post-Graduate,Self-Employed,1243270,182403,60,17.9,8,4,1,115613,3,0.2,1
CUST100649,64,Male,Married,High School,Salaried,533867,721458,60,19.49,10.4,4,2,188499,1,0.37,1
CUST100650,33,Female,Married,Post-Graduate,Salaried,975126,46128,12,8.83,8,2,3,104887,1,0.73,1
CUST100651,22,Male,Married,High School,Salaried,1450728,51556,36,9.06,6,3,1,61086,1,0.73,1
CUST100652,52,Female,Single,Post-Graduate,Salaried,1149242,278470,24,22.49,16.1,5,0,102231,2,0.85,1
CUST100653,29,Male,Married,Post-Graduate,Unemployed,190474,697236,48,9.64,5.4,3,4,63308,5,0.39,1
CUST100654,42,Male,Single,Graduate,Salaried,470068,160021,36,22.36,14.5,1,2,15797,7,0.65,1
CUST100655,69,Male,Married,Post-Graduate,Salaried,1430624,596250,12,12.04,4.1,5,5,5302,6,0.48,1
CUST100656,38,Female,Married,Graduate,Salaried,1111921,634342,60,19.97,5,5,0,194244,4,0.73,1
CUST100657,53,Male,Married,Diploma,Self-Employed,846499,537200,24,13.3,6.7,3,5,38059,4,0.66,1
CUST100658,40,Female,Single,Diploma,Salaried,941412,222278,36,21.81,11.8,5,3,131980,7,0.36,1
CUST100659,33,Female,Single,Graduate,Self-Employed,1223546,568387,48,19.36,9.1,5,4,191324,3,0.34,1
CUST100660,56,Male,Married,High School,Salaried,1447486,255943,12,14.73,14.9,4,3,143949,7,0.26,1
CUST100661,62,Male,Single,Graduate,Salaried,761232,203683,12,9.68,4.3,0,3,14239,3,0.54,1
CUST100662,59,Male,Single,Post-Graduate,Salaried,524911,714245,36,19.86,0.2,1,4,27313,6,0.87,1
CUST100663,56,Female,Single,High School,Salaried,531012,335288,48,18.06,15.5,3,4,42103,3,0.22,1
CUST100664,31,Male,Divorced,Graduate,Salaried,1342191,216292,12,8.55,16.4,4,5,179480,5,0.13,1
CUST100665,48,Female,Married,Post-Graduate,Unemployed,1289070,552125,24,8.65,1.2,2,3,88771,0,0.15,0
CUST100666,22,Female,Single,Post-Graduate,Self-Employed,291277,200427,12,21.04,12.2,5,2,126228,3,0.72,1
CUST100667,52,Male,Single,Post-Graduate,Unemployed,611966,198371,48,12.52,7.6,5,5,91665,1,0.35,1
CUST100668,40,Male,Single,Graduate,Salaried,416303,792291,60,18.36,15.9,3,4,10534,3,0.24,1
CUST100669,46,Female,Married,Post-Graduate,Unemployed,1180092,388946,60,15.54,17.5,0,0,43060,1,0.35,0
CUST100670,60,Female,Married,Graduate,Salaried,1481212,646701,36,21.88,17,0,5,17189,2,0.6,0
CUST100671,28,Female,Single,High School,Salaried,935518,71012,48,22.71,15.5,3,1,128431,0,0.51,1
CUST100672,35,Male,Single,Diploma,Salaried,303163,150193,12,23.95,5.4,3,2,86067,0,0.68,1
CUST100673,64,Female,Single,Graduate,Salaried,1296599,238168,12,10.88,16.2,4,5,10967,6,0.34,1
CUST100674,29,Male,Married,High School,Self-Employed,492339,168178,60,21.88,10.7,3,4,65563,5,0.43,1
CUST100675,26,Female,Married,Graduate,Salaried,1347414,78123,60,12.62,1.1,2,4,8660,7,0.14,1
CUST100676,27,Female,Single,Graduate,Salaried,945169,131825,24,17.66,9.1,4,2,118671,5,0.11,1
CUST100677,61,Male,Single,High School,Self-Employed,391409,553008,60,16.34,18.8,5,1,129909,4,0.44,1
CUST100678,34,Female,Single,Graduate,Salaried,758453,188733,24,8.78,17.8,5,5,170895,2,0.31,1
CUST100679,55,Male,Divorced,Graduate,Salaried,763789,790391,12,22.96,2,5,5,186914,6,0.57,1
CUST100680,24,Male,Single,Diploma,Salaried,614670,244970,24,9.71,14.9,5,3,140688,5,0.09,1
CUST100681,63,Female,Married,High School,Self-Employed,921818,244866,24,19.17,16.1,1,0,75976,1,0.15,0
CUST100682,30,Male,Married,High School,Self-Employed,943857,170862,36,20.67,5.4,2,4,179810,2,0.79,1
CUST100683,57,Male,Single,Diploma,Salaried,241635,602943,60,20.83,9.4,4,5,13107,0,0.53,1
CUST100684,59,Female,Single,Post-Graduate,Salaried,818614,735003,24,10.6,14.2,4,5,192476,7,0.66,1
CUST100685,26,Male,Single,High School,Salaried,340935,637736,12,15.44,8.8,5,5,94182,7,0.77,1
CUST100686,67,Male,Married,Graduate,Self-Employed,1222210,198446,48,21.36,2.3,0,1,91787,1,0.44,0
CUST100687,44,Male,Married,High School,Salaried,1124221,718267,24,13.19,14.1,4,0,15954,6,0.7,1
CUST100688,19,Female,Married,Diploma,Salaried,823022,201143,60,15.75,18.2,2,5,16943,6,0.5,1
CUST100689,22,Male,Married,Graduate,Salaried,993420,664795,36,12.73,13,3,2,40725,2,0.24,1
CUST100690,46,Female,Single,Graduate,Salaried,612503,316956,12,15.69,15.5,2,4,45434,0,0.34,0
CUST100691,54,Female,Divorced,High School,Salaried,338599,333045,36,22.26,7.2,5,3,85751,5,0.47,1
CUST100692,55,Male,Married,Diploma,Self-Employed,357919,80186,48,15.55,3.7,5,2,10110,1,0.32,1
CUST100693,36,Male,Single,High School,Salaried,588668,142066,24,17.12,12.9,1,4,16462,1,0.34,0
CUST100694,25,Male,Divorced,Diploma,Salaried,523359,410508,24,14.76,6.6,4,1,79232,0,0.34,1
CUST100695,65,Female,Married,Graduate,Self-Employed,1460144,725611,60,15.63,17.2,4,0,185153,1,0.15,1
CUST100696,62,Male,Married,High School,Self-Employed,948416,740531,24,8.74,2.5,4,0,183871,7,0.12,1
CUST100697,18,Male,Married,Diploma,Salaried,161505,56160,12,12.9,8.7,5,4,66567,5,0.09,1
CUST100698,39,Male,Married,Diploma,Salaried,1271054,39156,48,15.27,7.9,4,2,182296,5,0.14,1
CUST100699,69,Male,Married,Post-Graduate,Salaried,1231275,96208,36,18.32,18.8,0,3,127425,5,0.34,1
CUST100700,34,Male,Single,Post-Graduate,Unemployed,1064461,493196,48,15.48,3.1,0,1,56063,0,0.55,0
CUST100701,24,Female,Single,High School,Salaried,1020444,485536,24,13.74,0.2,3,4,113394,3,0.21,1
CUST100702,42,Female,Divorced,Graduate,Unemployed,274721,693289,36,14.52,4.8,4,1,55240,3,0.8,1
CUST100703,62,Male,Single,Diploma,Self-Employed,1130165,479822,60,12.26,16.4,1,0,81352,6,0.74,1
CUST100704,21,Male,Single,Diploma,Salaried,941190,251226,48,22.83,4.2,3,5,148940,6,0.49,1
CUST100705,53,Male,Married,Graduate,Salaried,256668,475775,36,16.59,4.8,5,5,80989,7,0.67,1
CUST100706,23,Male,Married,Post-Graduate,Salaried,398518,467421,36,8.71,2.6,4,3,22222,1,0.36,1
CUST100707,48,Female,Married,Post-Graduate,Salaried,762974,786054,36,8.8,14.3,0,1,79794,5,0.08,1
CUST100708,36,Male,Divorced,Graduate,Salaried,1434495,481691,12,23.58,1.4,1,4,63924,1,0.82,1
CUST100709,61,Female,Single,Diploma,Self-Employed,927461,739701,48,11.93,6.6,3,3,99854,0,0.16,0
CUST100710,56,Female,Single,Graduate,Unemployed,728269,325007,36,20.99,5.6,1,2,78513,1,0.86,1
CUST100711,44,Male,Single,Diploma,Salaried,1484359,757197,48,9.4,11.1,4,5,54649,4,0.54,1
CUST100712,27,Female,Married,Graduate,Self-Employed,1282586,85439,36,22.78,14.6,2,4,102986,3,0.31,1
CUST100713,43,Female,Married,Diploma,Salaried,643472,682554,60,22.05,10.7,1,1,83749,1,0.47,0
CUST100714,36,Female,Single,Graduate,Salaried,526884,746747,60,17.35,18.6,1,3,141295,1,0.48,0
CUST100715,56,Female,Married,High School,Salaried,379021,665649,60,8.64,19,5,4,179238,2,0.07,1
CUST100716,20,Male,Married,High School,Self-Employed,267032,232986,24,12.5,7.2,0,3,39369,7,0.35,1
CUST100717,62,Male,Married,Post-Graduate,Unemployed,770807,217286,36,14.81,15.6,4,3,86379,1,0.68,1
CUST100718,30,Female,Divorced,High School,Self-Employed,1311005,512508,24,15.63,14.8,1,3,69392,4,0.48,1
CUST100719,67,Male,Single,Graduate,Salaried,577820,49777,48,13.11,17.9,4,1,190598,3,0.26,1
CUST100720,45,Male,Married,High School,Salaried,1009171,276427,24,9.01,9,0,4,12661,2,0.33,0
CUST100721,37,Male,Married,High School,Salaried,1482516,701543,48,17.65,10.6,5,0,146663,7,0.78,1
CUST100722,45,Male,Married,High School,Salaried,397948,440661,48,16.62,8.3,4,0,71718,0,0.5,1
CUST100723,25,Male,Married,High School,Self-Employed,1153237,218110,48,12.89,17,0,1,186307,6,0.5,1
CUST100724,58,Female,Married,Post-Graduate,Self-Employed,279204,369345,24,9.09,4.6,0,1,7970,0,0.87,0
CUST100725,56,Male,Married,Diploma,Self-Employed,1043953,434627,36,23.92,4.8,3,5,47922,3,0.32,1
CUST100726,18,Male,Single,Post-Graduate,Salaried,1449785,725937,24,15.97,7.5,5,3,30755,6,0.46,1
CUST100727,20,Male,Married,Graduate,Salaried,1007935,298011,36,20.22,4.6,5,4,120926,0,0.74,1
CUST100728,30,Male,Divorced,Diploma,Salaried,225072,606789,36,15.51,11.2,4,4,19416,7,0.7,1
CUST100729,45,Female,Divorced,Graduate,Salaried,784490,165338,48,9.17,2.7,2,2,13672,4,0.28,1
CUST100730,66,Female,Single,Graduate,Salaried,209360,710568,24,13.3,6.4,3,2,128145,1,0.18,0
CUST100731,42,Female,Single,Graduate,Self-Employed,182287,521754,36,13.46,18.3,5,0,178068,3,0.65,1
CUST100732,50,Female,Single,Diploma,Self-Employed,1406585,665832,60,21.49,8.2,0,2,74095,6,0.27,1
CUST100733,55,Male,Married,Diploma,Salaried,827062,444429,36,18.64,15,5,2,64,2,0.83,1
CUST100734,23,Female,Married,Post-Graduate,Salaried,812353,682727,60,12.77,2.3,2,0,68835,1,0.16,0
CUST100735,61,Male,Single,Post-Graduate,Salaried,807235,799518,24,23.5,5,1,5,136711,0,0.32,0
CUST100736,62,Male,Married,Post-Graduate,Salaried,890644,579650,24,13.48,16.1,1,0,142127,0,0.1,0
CUST100737,49,Male,Married,Diploma,Self-Employed,781414,270449,24,23.97,15.3,5,2,190292,2,0.65,1
CUST100738,62,Male,Married,Graduate,Salaried,350881,333732,36,23.94,7.7,5,4,87594,4,0.81,1
CUST100739,64,Male,Married,Diploma,Salaried,1275933,189357,12,11.46,19.1,3,2,160499,7,0.59,1
CUST100740,38,Female,Married,Diploma,Salaried,327440,670971,36,13.35,18.2,5,3,116916,7,0.85,1
CUST100741,33,Female,Married,High School,Self-Employed,673958,225827,36,16.03,19.2,2,3,120308,2,0.16,0
CUST100742,38,Female,Single,Graduate,Salaried,994820,222918,48,18.79,8.6,5,3,82516,3,0.12,1
CUST100743,28,Female,Married,High School,Salaried,1327955,318451,48,16.68,3.9,4,5,64666,2,0.76,1
CUST100744,54,Male,Married,Diploma,Salaried,888447,362424,36,23.53,12.5,2,1,195346,0,0.78,1
CUST100745,53,Female,Married,Post-Graduate,Self-Employed,1366735,433083,60,19.72,13.7,3,3,118294,4,0.76,1
CUST100746,52,Male,Married,High School,Unemployed,314152,760045,48,11.79,2.5,4,4,10866,4,0.73,1
CUST100747,36,Female,Married,High School,Salaried,723623,127669,36,10.13,15.7,4,5,3889,5,0.36,1
CUST100748,37,Male,Single,High School,Self-Employed,932744,752318,12,19.17,0.4,1,1,118194,2,0.23,1
CUST100749,35,Male,Married,Post-Graduate,Unemployed,1142660,178998,60,10.96,9.7,2,1,124714,3,0.84,1
CUST100750,64,Female,Single,Graduate,Unemployed,1235561,647503,24,20.71,6.6,4,3,179298,0,0.31,1
CUST100751,58,Male,Single,Diploma,Self-Employed,1095112,642995,36,13.32,14.8,3,2,31335,1,0.39,1
CUST100752,66,Male,Married,Graduate,Self-Employed,603178,426396,36,13.57,6.3,1,0,50547,7,0.64,1
CUST100753,31,Female,Divorced,Graduate,Salaried,1339925,637125,60,8.67,16.5,4,2,157234,7,0.3,1
CUST100754,32,Male,Single,Diploma,Self-Employed,675839,265847,48,19.37,11.9,2,2,155759,7,0.75,1
CUST100755,48,Female,Married,Graduate,Salaried,734101,247544,48,10.26,15.9,1,1,98756,4,0.11,1
CUST100756,18,Female,Married,Graduate,Self-Employed,569813,287614,48,20.48,19.8,2,1,10995,7,0.72,1
CUST100757,20,Female,Single,Graduate,Salaried,1178213,247467,24,16.12,13.6,2,5,187560,2,0.56,1
CUST100758,33,Male,Married,High School,Self-Employed,1073197,166025,60,20.66,19.7,2,5,2631,5,0.54,1
CUST100759,40,Male,Married,Post-Graduate,Self-Employed,1047328,779940,60,17.55,0.6,1,1,166026,3,0.44,1
CUST100760,28,Male,Married,Graduate,Salaried,671238,532177,48,9.78,6.8,4,4,137039,3,0.29,1
CUST100761,29,Female,Single,Diploma,Self-Employed,536704,635781,48,20.37,2.2,5,4,88294,6,0.44,1
CUST100762,27,Male,Single,Diploma,Salaried,120215,237995,12,9.58,5.2,0,0,87278,7,0.43,1
CUST100763,49,Female,Married,High School,Self-Employed,487747,732550,12,15.92,16.8,4,1,64471,0,0.55,1
CUST100764,33,Female,Married,High School,Salaried,917955,313313,36,11.17,0.6,1,3,37116,4,0.29,1
CUST100765,25,Male,Single,Graduate,Salaried,975121,589929,36,20.16,10.4,0,5,92116,0,0.12,0
CUST100766,55,Female,Married,High School,Unemployed,1192410,174062,60,22.63,11.3,0,1,165299,7,0.17,1
CUST100767,29,Male,Single,Diploma,Salaried,1465194,573949,60,17.09,11.2,0,4,133014,5,0.64,1
CUST100768,41,Male,Married,Graduate,Self-Employed,1137375,688779,24,16.67,9.5,5,1,47664,1,0.07,1
CUST100769,45,Male,Single,High School,Salaried,392544,647907,24,20.34,15.8,3,4,159141,7,0.78,1
CUST100770,25,Male,Divorced,Post-Graduate,Salaried,654633,358246,12,8.58,2.7,1,1,87342,1,0.64,1
CUST100771,45,Male,Single,High School,Salaried,1202472,577373,36,22.73,6.2,5,3,14407,1,0.7,1
CUST100772,53,Female,Single,Diploma,Salaried,934661,117064,12,11.56,12.3,5,0,113926,3,0.76,1
CUST100773,43,Female,Single,Diploma,Salaried,630269,726014,12,23.75,13.8,3,3,59201,4,0.15,1
CUST100774,25,Female,Single,High School,Salaried,1436303,419346,36,19.91,8.1,0,4,80093,7,0.75,1
CUST100775,67,Male,Married,High School,Salaried,1042401,650011,24,20.5,17.5,3,5,185420,0,0.48,0
CUST100776,45,Male,Divorced,Graduate,Salaried,633622,153114,36,18.67,8.3,3,5,17878,0,0.8,1
CUST100777,45,Male,Single,Post-Graduate,Unemployed,1240113,511638,48,15.81,8.1,5,2,83100,5,0.8,1
CUST100778,54,Female,Married,High School,Unemployed,517783,577765,48,17.36,0.7,1,3,78629,1,0.07,0
CUST100779,58,Male,Married,Graduate,Salaried,773936,658449,48,9.22,11,2,1,186492,4,0.38,1
CUST100780,53,Female,Married,Graduate,Self-Employed,1019084,704076,60,18.17,14.2,3,0,43168,4,0.5,1
CUST100781,44,Female,Married,Graduate,Salaried,590455,360281,24,18.2,2.3,3,1,54862,5,0.63,1
CUST100782,34,Male,Single,Diploma,Self-Employed,788689,159133,24,22.31,6.1,0,1,28004,2,0.29,0
CUST100783,26,Male,Married,Diploma,Self-Employed,352117,683969,60,16.34,15.6,0,3,20471,4,0.26,1
CUST100784,50,Female,Married,Diploma,Unemployed,1381862,317515,12,9.7,7.3,5,0,91820,4,0.37,1
CUST100785,37,Male,Single,Graduate,Salaried,681340,785710,48,13.25,4.8,0,2,191239,0,0.48,0
CUST100786,30,Female,Married,Graduate,Self-Employed,570985,365165,48,18.66,13.4,4,1,102229,5,0.86,1
CUST100787,45,Male,Single,High School,Salaried,166032,434021,12,12.21,3.9,3,0,65308,7,0.7,1
CUST100788,65,Male,Married,Diploma,Unemployed,624910,290001,36,12.85,17.9,0,2,83969,4,0.41,1
CUST100789,46,Female,Single,Post-Graduate,Salaried,1126225,686980,36,21.22,2.1,1,1,14568,4,0.1,1
CUST100790,30,Male,Married,Graduate,Self-Employed,1464406,552465,24,17.56,14.1,4,0,9466,0,0.19,1
CUST100791,63,Female,Married,Post-Graduate,Self-Employed,983413,443327,60,16.38,10,5,3,57324,7,0.44,1
CUST100792,52,Male,Married,Graduate,Self-Employed,743090,271842,24,13.44,17.4,2,5,102208,7,0.74,1
CUST100793,23,Female,Single,Diploma,Salaried,1040313,370722,36,19.83,2.5,3,5,146539,4,0.37,1
CUST100794,35,Female,Married,Graduate,Unemployed,1402913,634229,12,12.96,13.6,3,1,75955,0,0.51,1
CUST100795,68,Male,Married,Graduate,Salaried,1341433,556114,24,19.92,11.4,1,1,184020,2,0.81,1
CUST100796,22,Female,Married,High School,Self-Employed,549763,689250,48,9.59,9.6,2,0,147748,3,0.83,1
CUST100797,64,Male,Married,Graduate,Salaried,424962,364572,48,21.9,9.8,2,5,94791,6,0.23,1
CUST100798,42,Male,Married,Graduate,Salaried,461609,530283,12,16.24,14.4,5,1,162586,0,0.09,1
CUST100799,19,Male,Married,High School,Salaried,870887,670332,36,15.3,18.8,5,2,108718,0,0.31,1
CUST100800,27,Female,Single,Graduate,Salaried,757509,733391,48,17.97,1.8,4,1,22650,4,0.64,1
CUST100801,47,Female,Married,Graduate,Salaried,419477,532656,48,18.17,0.4,3,5,88290,0,0.86,1
CUST100802,67,Male,Married,Post-Graduate,Salaried,1295033,525350,60,10.55,16.1,0,4,77701,5,0.12,1
CUST100803,62,Male,Single,High School,Salaried,1447296,357164,24,20.22,2.2,5,5,10683,1,0.07,1
CUST100804,22,Female,Single,Diploma,Self-Employed,1288451,549783,36,12.78,19.7,1,2,190891,1,0.8,0
CUST100805,50,Male,Single,Graduate,Self-Employed,1000432,48481,24,22.53,12.4,1,0,80978,2,0.69,1
CUST100806,18,Male,Married,Diploma,Salaried,586995,686627,36,21.18,13,1,2,4860,7,0.89,1
CUST100807,35,Female,Married,Graduate,Salaried,675889,781062,48,13.87,4,5,4,134801,0,0.39,1
CUST100808,49,Male,Married,Graduate,Salaried,974378,157815,60,21.02,4.8,5,4,31351,7,0.4,1
CUST100809,64,Female,Married,High School,Salaried,1482836,647763,24,14.02,13.2,1,1,62744,5,0.2,1
CUST100810,66,Male,Married,Graduate,Self-Employed,748474,724133,48,10.06,18.2,5,1,155418,4,0.15,1
CUST100811,28,Female,Single,Graduate,Self-Employed,969326,339186,36,23.41,19.6,0,5,120198,4,0.54,1
CUST100812,38,Male,Single,Diploma,Salaried,809995,69476,24,18.62,4,0,3,74155,6,0.36,1
CUST100813,43,Male,Married,Post-Graduate,Salaried,1397623,767465,24,15.57,2.7,4,2,121449,3,0.12,1
CUST100814,42,Female,Single,Graduate,Salaried,212850,310696,48,14.67,1.1,3,5,76700,2,0.8,1
CUST100815,39,Male,Single,Graduate,Self-Employed,1016197,740602,24,13.53,17.4,0,3,6955,5,0.22,1
CUST100816,44,Female,Married,Graduate,Unemployed,1362522,458988,60,23.71,5.9,4,5,196714,7,0.69,1
CUST100817,66,Male,Married,Diploma,Salaried,590949,704308,60,10.59,0,2,4,175365,5,0.29,1
CUST100818,30,Female,Divorced,Post-Graduate,Salaried,935943,227383,48,13.38,4.5,3,1,192408,6,0.74,1
CUST100819,50,Female,Divorced,Graduate,Self-Employed,987392,89093,36,16.03,6.8,0,1,21662,6,0.15,1
CUST100820,51,Female,Married,Graduate,Unemployed,1086325,613411,48,15.91,19.8,2,5,6408,4,0.69,1
CUST100821,58,Female,Married,Post-Graduate,Salaried,1417776,36535,60,15.81,10.5,4,1,171475,7,0.13,1
CUST100822,52,Male,Married,Diploma,Salaried,845527,348634,12,11.22,4.1,0,0,1225,3,0.43,0
CUST100823,18,Male,Married,Graduate,Salaried,1475182,590850,12,10.75,6.7,0,5,143268,4,0.67,1
CUST100824,38,Female,Single,High School,Salaried,603410,401186,24,12.45,6.6,5,4,146444,3,0.2,1
CUST100825,65,Female,Married,Diploma,Salaried,1373179,276323,24,22.68,0.4,2,5,17279,1,0.29,1
CUST100826,23,Female,Married,Diploma,Salaried,854172,278916,12,10.25,2.7,0,5,110401,5,0.79,1
CUST100827,45,Male,Single,Post-Graduate,Salaried,229779,733895,60,20.24,13.9,1,1,185312,6,0.8,1
CUST100828,34,Male,Married,Post-Graduate,Salaried,1187133,250063,24,20.24,2.4,5,4,92404,1,0.09,1
CUST100829,22,Male,Married,Graduate,Self-Employed,1327708,61269,48,21.05,4.6,5,5,169259,7,0.19,1
CUST100830,48,Male,Single,Graduate,Salaried,572082,100674,48,22.24,7,0,1,48481,4,0.15,1
CUST100831,22,Female,Single,Graduate,Salaried,454248,305291,60,12.58,15.2,5,2,159547,2,0.2,1
CUST100832,55,Female,Single,Post-Graduate,Salaried,781440,458744,24,11.98,11.6,3,4,44552,0,0.87,1
CUST100833,20,Female,Single,Diploma,Salaried,1313502,621383,48,15.72,13.8,2,3,199041,2,0.52,1
CUST100834,40,Male,Single,Diploma,Unemployed,843055,788460,24,12.61,11.3,3,0,137930,2,0.45,1
CUST100835,54,Male,Married,High School,Salaried,1352630,744291,24,19.88,13.7,4,3,74474,0,0.89,1
CUST100836,54,Male,Single,Graduate,Salaried,685369,110925,48,18.36,0.1,3,4,25168,5,0.52,1
CUST100837,27,Female,Married,Graduate,Self-Employed,1041872,610669,12,22.06,18.6,1,5,32099,1,0.61,1
CUST100838,27,Female,Single,Diploma,Salaried,874981,643756,48,9.78,2.2,5,1,61455,1,0.33,1
CUST100839,36,Male,Divorced,High School,Unemployed,501325,262330,60,22.68,8.1,5,4,54240,5,0.37,1
CUST100840,34,Female,Single,Graduate,Salaried,933526,33731,36,13.05,15.4,1,0,74796,0,0.56,0
CUST100841,38,Male,Married,High School,Salaried,1083544,406791,48,16.11,8.7,5,4,54592,3,0.11,1
CUST100842,31,Male,Married,Graduate,Salaried,448910,511874,24,15.3,18.9,3,1,122181,2,0.27,1
CUST100843,26,Female,Married,Post-Graduate,Salaried,1323639,595312,24,20.28,9.4,4,3,178530,4,0.22,1
CUST100844,63,Male,Single,Diploma,Self-Employed,803970,661000,48,15.02,17.5,0,2,101611,1,0.06,0
CUST100845,18,Female,Married,High School,Self-Employed,725751,121121,36,23.13,16.2,1,3,58046,5,0.51,1
CUST100846,68,Male,Married,Graduate,Salaried,1455186,285976,48,22.49,19.6,3,1,16488,4,0.53,1
CUST100847,62,Female,Married,Graduate,Salaried,593656,576620,36,22.02,18.5,3,1,189913,6,0.38,1
CUST100848,30,Female,Single,Graduate,Self-Employed,1078379,32467,36,9.6,18,3,0,118521,0,0.28,0
CUST100849,21,Female,Single,Post-Graduate,Unemployed,1194657,61025,60,21.74,14.6,0,4,131467,4,0.6,1
CUST100850,18,Male,Married,High School,Salaried,1192930,164179,24,20.62,7.3,2,4,183741,7,0.16,1
CUST100851,66,Male,Married,Graduate,Salaried,737585,97994,24,10.1,2.1,5,3,141917,4,0.49,1
CUST100852,57,Female,Married,Graduate,Salaried,924732,114202,36,10.16,13.8,5,2,167131,7,0.7,1
CUST100853,49,Female,Married,Post-Graduate,Self-Employed,1232960,587769,24,10.07,19.6,4,2,18394,2,0.19,1
CUST100854,51,Male,Married,High School,Salaried,967324,415797,12,8.68,14.5,2,0,93993,0,0.69,1
CUST100855,45,Male,Single,Graduate,Salaried,155525,619406,36,17,18.6,5,1,176978,4,0.7,1
CUST100856,48,Male,Married,Graduate,Self-Employed,1064036,406154,24,23.59,16.1,4,0,59332,1,0.1,1
CUST100857,25,Female,Single,Diploma,Salaried,126464,464854,12,15.3,3.3,4,4,168377,0,0.07,0
CUST100858,56,Male,Married,High School,Salaried,495572,668002,60,16.88,5,3,5,42628,1,0.88,1
CUST100859,43,Male,Married,Post-Graduate,Salaried,1281140,768987,24,23.5,6.8,1,5,21352,5,0.21,1
CUST100860,51,Female,Divorced,High School,Salaried,676922,180185,12,12.46,3.4,3,5,82971,5,0.75,1
CUST100861,20,Male,Single,Diploma,Salaried,314215,104363,48,21.81,11.6,0,1,51993,6,0.53,1
CUST100862,67,Male,Single,Diploma,Salaried,385039,345188,48,16.97,19.5,5,0,170458,3,0.27,1
CUST100863,29,Male,Single,Post-Graduate,Salaried,1087241,231027,12,17.33,15.2,4,3,103027,5,0.16,1
CUST100864,18,Female,Single,Graduate,Salaried,224127,293958,36,13.82,8.5,1,4,187696,4,0.47,1
CUST100865,61,Female,Single,Graduate,Self-Employed,216426,381484,36,17.2,0.1,5,5,188137,0,0.4,1
CUST100866,22,Female,Divorced,Diploma,Self-Employed,1069520,292168,24,9.63,6.3,4,2,120212,5,0.64,1
CUST100867,47,Female,Single,Graduate,Salaried,1360952,738648,48,20.35,10.5,4,0,8539,1,0.82,1
CUST100868,47,Female,Single,Graduate,Salaried,1180538,602124,36,12.91,6.5,3,4,132335,4,0.73,1
CUST100869,34,Female,Married,Graduate,Salaried,153302,289579,36,22.26,2.2,1,4,144377,5,0.28,1
CUST100870,65,Female,Married,Post-Graduate,Salaried,124011,275095,48,14.2,8.9,1,2,53817,7,0.8,1
CUST100871,64,Male,Married,High School,Salaried,139782,501632,60,10.71,5.1,5,2,155470,7,0.76,1
CUST100872,40,Male,Single,Graduate,Self-Employed,1367339,281176,36,19.29,18.2,4,2,49107,2,0.84,1
CUST100873,32,Female,Married,High School,Salaried,552941,403015,12,11.05,2,1,5,163224,1,0.44,1
CUST100874,54,Male,Single,Graduate,Salaried,1212035,269717,24,20.18,1,1,5,161696,6,0.7,1
CUST100875,38,Male,Single,Diploma,Salaried,731533,678767,36,23.51,0.1,5,0,129240,6,0.55,1
CUST100876,31,Female,Divorced,Diploma,Self-Employed,642829,52940,36,20.58,6.6,3,2,99655,6,0.31,1
CUST100877,19,Male,Single,Diploma,Salaried,723151,549954,60,8.85,13.2,2,3,56132,1,0.9,1
CUST100878,28,Male,Married,Graduate,Self-Employed,1029638,319266,12,17.8,14.6,0,4,125701,6,0.08,1
CUST100879,68,Male,Married,Diploma,Salaried,1201345,176164,24,19.28,9.1,2,2,105494,3,0.19,1
CUST100880,56,Male,Single,Graduate,Self-Employed,489673,226717,36,21.29,13.7,1,4,52979,2,0.81,1
CUST100881,55,Male,Married,Diploma,Self-Employed,1193276,383334,24,9.37,7.2,4,1,58013,3,0.1,1
CUST100882,51,Female,Single,High School,Salaried,1113931,382612,48,15.94,13.4,0,1,63797,7,0.8,1
CUST100883,55,Female,Married,Graduate,Salaried,351237,46505,36,16.8,0.8,0,2,51798,5,0.66,1
CUST100884,67,Female,Divorced,Diploma,Salaried,1028063,581001,36,11.12,7.8,4,4,147722,2,0.08,1
CUST100885,51,Male,Married,Diploma,Salaried,426024,467603,48,13.5,15.8,0,1,157086,1,0.41,0
CUST100886,35,Female,Divorced,Graduate,Self-Employed,234003,224354,60,15.32,16.1,4,2,76421,3,0.69,1
CUST100887,47,Male,Single,Diploma,Self-Employed,1307968,621799,36,21.41,14.3,0,4,7434,4,0.55,1
CUST100888,32,Male,Married,High School,Self-Employed,169589,232204,24,22.91,4.1,5,2,30028,2,0.85,1
CUST100889,44,Male,Single,Diploma,Self-Employed,370606,270694,12,18.24,4.9,5,5,66558,1,0.79,1
CUST100890,68,Male,Married,Post-Graduate,Salaried,851636,269836,24,14.62,19.9,2,4,24331,0,0.33,0
CUST100891,51,Female,Divorced,Graduate,Salaried,680185,778849,60,12.44,2.1,0,1,67573,2,0.12,0
CUST100892,69,Female,Single,Graduate,Self-Employed,309637,548168,12,23.72,3.6,3,2,129473,2,0.85,1
CUST100893,55,Male,Married,Graduate,Salaried,806290,456670,24,23.74,2.6,4,1,177398,5,0.49,1
CUST100894,50,Female,Single,High School,Self-Employed,1382469,587827,24,22.84,6.6,0,2,82979,4,0.11,1
CUST100895,41,Male,Married,Diploma,Salaried,1239510,260056,48,20.68,4.2,5,0,4123,5,0.74,1
CUST100896,32,Female,Married,Graduate,Salaried,700118,239057,60,13.55,10,5,1,16603,6,0.79,1
CUST100897,47,Female,Divorced,High School,Unemployed,387673,559087,48,21.16,9.5,4,1,65941,2,0.59,1
CUST100898,59,Male,Married,Diploma,Salaried,476742,527800,12,14.84,18,3,3,42597,7,0.43,1
CUST100899,68,Female,Single,Diploma,Unemployed,877582,124843,48,13.56,0.7,0,5,194310,2,0.61,1
CUST100900,34,Male,Single,Diploma,Unemployed,202987,463942,60,20.05,6.4,0,1,84238,6,0.65,1
CUST100901,22,Female,Single,Post-Graduate,Self-Employed,1306585,68784,36,9.73,11.9,3,4,173791,4,0.81,1
CUST100902,46,Male,Single,High School,Self-Employed,684174,133034,36,9.25,12.1,3,2,41751,4,0.86,1
CUST100903,21,Male,Single,Graduate,Salaried,669567,454044,12,15.44,9.6,3,0,126462,7,0.49,1
CUST100904,27,Female,Married,High School,Self-Employed,551322,744886,36,15.41,16.3,5,4,86978,7,0.73,1
CUST100905,34,Female,Married,Post-Graduate,Salaried,230776,74362,48,22.38,1.3,4,4,17693,3,0.87,1
CUST100906,27,Male,Married,High School,Salaried,488444,73997,12,10.46,16.3,3,4,168769,1,0.18,1
CUST100907,34,Female,Single,Diploma,Self-Employed,1282369,201413,60,10.41,9.9,4,4,94524,1,0.07,1
CUST100908,37,Female,Married,Graduate,Salaried,330809,432289,12,10.79,2.7,2,0,97869,3,0.79,1
CUST100909,41,Male,Married,Graduate,Salaried,1340192,384543,12,8.96,17.7,0,3,161064,1,0.22,0
CUST100910,22,Male,Single,Diploma,Salaried,1410838,760686,24,9.61,13,0,5,63825,2,0.09,0
CUST100911,51,Female,Married,Diploma,Salaried,653285,488731,24,18.73,3.3,1,1,140594,3,0.19,1
CUST100912,23,Male,Married,Diploma,Self-Employed,1274678,433532,12,15.19,0.7,2,4,130475,3,0.38,1
CUST100913,19,Male,Single,Diploma,Salaried,992143,177255,36,20.34,2.8,3,1,45406,1,0.24,1
CUST100914,30,Male,Married,High School,Unemployed,685148,568912,24,23.89,12.2,3,1,143193,0,0.31,0
CUST100915,60,Female,Married,Diploma,Self-Employed,1433945,737875,60,18.72,3.6,5,4,123371,7,0.88,1
CUST100916,60,Female,Single,Diploma,Self-Employed,1096974,779072,48,9.28,4.5,2,3,145291,1,0.65,1
CUST100917,65,Male,Divorced,Diploma,Salaried,757506,498997,24,10.12,0.5,3,1,1617,5,0.66,1
CUST100918,28,Female,Married,Graduate,Self-Employed,642070,590993,12,22.16,14.5,1,2,43016,0,0.13,0
CUST100919,68,Male,Married,Post-Graduate,Salaried,227041,633614,36,16.68,16.2,4,1,181744,3,0.67,1
CUST100920,64,Female,Married,Graduate,Self-Employed,494368,439972,48,21.28,15.9,0,5,24276,0,0.68,0
CUST100921,40,Male,Married,High School,Salaried,445800,88369,24,21.78,2.6,2,4,72240,2,0.61,1
CUST100922,33,Male,Married,High School,Self-Employed,836438,221893,36,22.88,18.1,0,0,106292,4,0.24,1
CUST100923,48,Female,Married,Post-Graduate,Unemployed,601862,291733,36,23.22,13.4,4,1,186807,0,0.41,0
CUST100924,28,Male,Single,Diploma,Salaried,1244866,657300,36,17.1,18,2,3,17959,5,0.77,1
CUST100925,33,Female,Married,High School,Salaried,1225209,720146,12,13.79,8.9,4,2,28522,4,0.62,1
CUST100926,25,Female,Married,Graduate,Self-Employed,1289694,770046,60,23.41,8.7,3,2,187159,2,0.67,1
CUST100927,21,Male,Married,Graduate,Salaried,818961,667999,36,16.98,15.7,3,0,141025,5,0.55,1
CUST100928,57,Male,Single,Graduate,Self-Employed,1171690,96425,48,9.5,1.9,3,5,26567,6,0.43,1
CUST100929,21,Female,Married,Diploma,Salaried,932934,516297,24,18.46,10.4,4,0,191595,4,0.7,1
CUST100930,42,Male,Single,High School,Salaried,169768,560282,48,17.61,16.7,4,5,62708,6,0.11,1
CUST100931,20,Male,Single,Post-Graduate,Unemployed,1478848,131915,12,22.38,16.6,4,1,126206,2,0.62,1
CUST100932,49,Male,Single,Diploma,Self-Employed,1093069,405105,12,18.62,19.1,0,4,22560,4,0.9,1
CUST100933,20,Male,Single,Graduate,Self-Employed,203123,503414,48,13.91,14,4,3,58390,4,0.71,1
CUST100934,44,Male,Married,Graduate,Salaried,286405,124672,60,23.48,4.2,3,2,125772,1,0.3,1
CUST100935,46,Female,Married,Graduate,Self-Employed,123174,299349,12,20.93,0.4,1,0,199221,5,0.29,1
CUST100936,49,Female,Single,Diploma,Salaried,237769,338821,12,18.27,9.6,4,3,167732,7,0.62,1
CUST100937,67,Male,Married,Diploma,Self-Employed,417542,52930,48,13.04,10.3,1,5,45104,5,0.81,1
CUST100938,68,Male,Married,Graduate,Self-Employed,549145,93313,12,14.29,4.8,3,4,57805,0,0.54,0
CUST100939,36,Male,Married,Post-Graduate,Salaried,1303969,769211,60,18.88,2.5,4,2,24496,6,0.5,1
CUST100940,38,Female,Single,Post-Graduate,Salaried,886868,133153,60,9.62,11.7,0,2,91257,6,0.19,1
CUST100941,22,Male,Married,High School,Salaried,1355069,505725,60,12.48,15.3,0,5,3515,5,0.66,1
CUST100942,35,Female,Divorced,High School,Self-Employed,716923,252911,24,19.57,19.9,1,4,4454,5,0.65,1
CUST100943,45,Female,Married,Post-Graduate,Salaried,1048864,116058,60,15.94,15.2,5,2,22873,4,0.87,1
CUST100944,59,Female,Single,Graduate,Self-Employed,887166,107876,60,14.74,15.9,0,4,73920,6,0.31,1
CUST100945,39,Male,Single,Post-Graduate,Salaried,337070,629654,24,10.85,12.3,0,2,13727,3,0.69,1
CUST100946,38,Female,Married,High School,Self-Employed,519017,557691,36,15.35,19.7,0,1,128376,7,0.42,1
CUST100947,23,Male,Divorced,Graduate,Self-Employed,1051775,362196,12,20.45,12.8,3,5,69070,1,0.52,1
CUST100948,18,Female,Married,Graduate,Salaried,489359,792838,60,12.59,17.2,0,4,99059,7,0.74,1
CUST100949,22,Male,Married,Graduate,Salaried,1318632,281420,12,8.58,18.9,2,3,124564,0,0.24,0
CUST100950,58,Female,Single,Diploma,Salaried,994527,497843,48,18.86,18.6,4,1,117213,7,0.34,1
CUST100951,29,Male,Married,High School,Self-Employed,967374,355639,12,23.58,7.6,0,3,181051,1,0.71,0
CUST100952,43,Female,Married,Graduate,Self-Employed,263933,183004,24,17.91,1.6,5,5,25465,0,0.53,1
CUST100953,63,Male,Single,Diploma,Salaried,1267546,378234,12,10.36,3.4,5,2,184972,2,0.13,1
CUST100954,51,Male,Married,Diploma,Self-Employed,1250779,318845,12,13.47,1.2,0,3,59799,4,0.42,1
CUST100955,66,Male,Divorced,Post-Graduate,Salaried,1360895,416601,12,21.95,2.1,0,1,96129,5,0.55,1
CUST100956,31,Male,Single,Diploma,Salaried,1368749,796684,36,12.1,3.7,2,4,152402,5,0.82,1
CUST100957,43,Female,Married,Graduate,Unemployed,621946,601529,36,17.92,6.8,0,0,139374,3,0.21,0
CUST100958,62,Female,Single,High School,Salaried,796337,685727,48,14.74,10.9,0,3,107288,7,0.74,1
CUST100959,44,Male,Married,Graduate,Salaried,1386302,85030,24,11.72,14.2,4,0,12875,6,0.16,1
CUST100960,26,Female,Married,Post-Graduate,Salaried,994609,721865,12,21.11,4.2,5,5,27219,6,0.26,1
CUST100961,43,Male,Married,High School,Salaried,212172,184404,12,20.01,13.5,2,3,36182,1,0.26,0
CUST100962,64,Male,Married,High School,Salaried,790990,227397,12,18.75,14.1,5,3,173341,1,0.8,1
CUST100963,39,Female,Single,Diploma,Salaried,664344,499702,12,12.16,11.2,2,4,79781,1,0.22,0
CUST100964,64,Male,Divorced,High School,Self-Employed,1307030,438779,36,10.02,18.1,5,2,6457,6,0.72,1
CUST100965,47,Male,Married,Graduate,Salaried,1224315,125185,48,17.43,2.2,0,1,137821,5,0.44,1
CUST100966,60,Female,Single,Post-Graduate,Salaried,168639,56404,60,17.08,3.5,5,1,33064,6,0.9,1
CUST100967,65,Male,Married,Diploma,Salaried,573054,75182,24,11.42,8.6,5,1,140893,1,0.76,1
CUST100968,34,Male,Married,Diploma,Salaried,559257,315135,12,9.37,2.5,2,5,115256,4,0.68,1
CUST100969,43,Male,Single,Diploma,Self-Employed,907424,648889,48,9.75,11.3,1,2,98297,0,0.79,0
CUST100970,53,Male,Married,Graduate,Unemployed,716682,723023,60,23.89,8,2,0,138736,5,0.59,1
CUST100971,18,Female,Divorced,High School,Salaried,449801,666290,48,20.65,5.7,2,1,160353,4,0.77,1
CUST100972,25,Female,Single,Graduate,Self-Employed,933592,365992,36,22.79,3.4,2,0,162893,2,0.27,1
CUST100973,66,Female,Divorced,Graduate,Salaried,302447,245461,60,11.52,6.7,3,2,155719,7,0.13,1
CUST100974,52,Male,Single,Graduate,Salaried,468586,628434,48,23.39,12.2,3,5,69918,4,0.57,1
CUST100975,69,Male,Single,High School,Salaried,794932,508195,36,10.71,11.5,3,2,90179,7,0.42,1
CUST100976,32,Female,Single,Graduate,Salaried,500069,592285,48,16.39,3.3,2,4,74944,4,0.41,1
CUST100977,64,Male,Married,High School,Salaried,124136,551458,48,21.36,2.5,1,1,89142,2,0.5,1
CUST100978,39,Male,Married,High School,Self-Employed,181868,164375,60,13.92,0.5,2,5,27603,4,0.36,1
CUST100979,31,Male,Single,Post-Graduate,Salaried,464407,353887,36,15.08,0.2,0,4,46458,0,0.58,0
CUST100980,43,Male,Married,Graduate,Unemployed,938599,491068,12,10.49,17.6,1,1,70605,5,0.08,1
CUST100981,45,Female,Married,High School,Salaried,230957,55187,24,10.41,0.9,3,2,19623,7,0.87,1
CUST100982,40,Female,Single,High School,Salaried,659767,740394,60,18.1,14.6,5,2,44440,3,0.84,1
CUST100983,31,Female,Married,High School,Self-Employed,239392,677253,36,18.97,17.4,5,3,82427,6,0.84,1
CUST100984,41,Male,Married,Diploma,Salaried,780183,689113,48,20.55,2,4,3,138776,2,0.36,1
CUST100985,19,Female,Married,High School,Salaried,900516,58090,36,17.13,8.7,1,2,93826,7,0.5,1
CUST100986,62,Female,Divorced,High School,Self-Employed,1370104,489984,24,18.51,19.2,3,2,27460,5,0.86,1
CUST100987,43,Male,Married,Diploma,Unemployed,926017,797766,24,8.71,16.7,1,0,110373,1,0.82,1
CUST100988,31,Male,Divorced,Graduate,Self-Employed,1403423,338174,12,11.01,9.8,1,0,137637,7,0.72,1
CUST100989,68,Female,Married,Graduate,Self-Employed,981501,561797,12,23.77,15.3,5,4,4870,0,0.4,1
CUST100990,24,Female,Married,Graduate,Self-Employed,1470615,88653,24,9.68,16.7,2,3,18909,3,0.53,1
CUST100991,20,Female,Single,High School,Unemployed,385864,712289,60,19.02,7,0,3,9117,0,0.72,0
CUST100992,64,Female,Married,Post-Graduate,Salaried,401411,411770,60,11.23,17.8,4,2,67474,7,0.28,1
CUST100993,40,Male,Married,Graduate,Salaried,1315344,286186,48,19.61,9.4,3,2,93926,0,0.58,1
CUST100994,63,Female,Single,Graduate,Salaried,805328,213646,12,19.44,10.6,1,4,175394,1,0.75,1
CUST100995,60,Female,Single,Graduate,Salaried,435508,319345,48,12.13,20,4,5,127463,3,0.65,1
CUST100996,64,Male,Married,Post-Graduate,Self-Employed,536561,767642,12,12.68,16.9,1,5,101536,6,0.46,1
CUST100997,62,Female,Married,Graduate,Self-Employed,171567,558304,24,18.65,7.2,5,5,20128,0,0.55,1
CUST100998,35,Male,Married,High School,Salaried,211229,307166,60,14.55,0.2,0,3,69001,1,0.89,1
CUST100999,55,Male,Married,Graduate,Salaried,1099111,776322,60,11.52,12.5,5,0,440,2,0.56,1
